../data/rgb/train_dry/CuNi3_dryIMG_20230711_211129.jpg,CuNi3
../data/rgb/train_dry/CuNi3_dryIMG_20230711_214438.jpg,CuNi3
../data/rgb/train_dry/CuNi2_dryIMG_20230711_170135.jpg,CuNi2
../data/rgb/train_dry/CuNi2_dryIMG_20230711_161130.jpg,CuNi2
../data/rgb/train_dry/CuNi1_dryIMG_20230707_185240.jpg,CuNi1
../data/rgb/train_dry/CuNi1_dryIMG_20230707_174100.jpg,CuNi1
../data/rgb/train_dry/CuNi1_dryIMG_20230707_180834.jpg,CuNi1
../data/rgb/train_dry/CuNi2_dryIMG_20230711_180449.jpg,CuNi2
../data/rgb/train_dry/CuNi1_dryIMG_20230707_180751.jpg,CuNi1
../data/rgb/train_dry/CuNi1_dryIMG_20230707_161950.jpg,CuNi1
../data/rgb/train_dry/CuNi3_dryIMG_20230602_210739.jpg,CuNi3
../data/rgb/train_dry/CuNi1_dryIMG_20230707_164323.jpg,CuNi1
../data/rgb/train_dry/CuNi3_dryIMG_20230602_220624.jpg,CuNi3
../data/rgb/train_dry/CuNi3_dryIMG_20230711_223224.jpg,CuNi3
../data/rgb/train_dry/CuNi2_dryIMG_20230711_161304.jpg,CuNi2
../data/rgb/train_dry/CuNi3_dryIMG_20230711_223133.jpg,CuNi3
../data/rgb/train_dry/CuNi2_dryIMG_20230711_163509.jpg,CuNi2
../data/rgb/train_dry/CuNi2_dryIMG_20230711_174726.jpg,CuNi2
../data/rgb/train_dry/CuNi2_dryIMG_20230711_154236.jpg,CuNi2
../data/rgb/train_dry/CuNi1_dryIMG_20230707_162514.jpg,CuNi1
../data/rgb/train_dry/CuNi3_dryIMG_20230711_215030.jpg,CuNi3
../data/rgb/train_dry/CuNi1_dryIMG_20230707_164048.jpg,CuNi1
../data/rgb/train_dry/CuNi3_dryIMG_20230711_215327.jpg,CuNi3
../data/rgb/train_dry/CuNi3_dryIMG_20230711_222657.jpg,CuNi3
../data/rgb/train_dry/CuNi3_dryIMG_20230711_223017.jpg,CuNi3
../data/rgb/train_dry/CuNi3_dryIMG_20230602_221953.jpg,CuNi3
../data/rgb/train_dry/CuNi1_dryIMG_20230707_174334.jpg,CuNi1
../data/rgb/train_dry/CuNi3_dryIMG_20230711_214515.jpg,CuNi3
../data/rgb/train_dry/CuNi2_dryIMG_20230711_170140.jpg,CuNi2
../data/rgb/train_dry/CuNi2_dryIMG_20230711_174349.jpg,CuNi2
../data/rgb/train_dry/CuNi3_dryIMG_20230711_210644.jpg,CuNi3
../data/rgb/train_dry/CuNi3_dryIMG_20230711_211656.jpg,CuNi3
../data/rgb/train_dry/CuNi1_dryIMG_20230707_173750.jpg,CuNi1
../data/rgb/train_dry/CuNi2_dryIMG_20230711_174335.jpg,CuNi2
../data/rgb/train_dry/CuNi3_dryIMG_20230711_212453.jpg,CuNi3
../data/rgb/train_dry/CuNi3_dryIMG_20230601_152011.jpg,CuNi3
../data/rgb/train_dry/CuNi2_dryIMG_20230711_163352.jpg,CuNi2
../data/rgb/train_dry/CuNi3_dryIMG_20230602_212527.jpg,CuNi3
../data/rgb/train_dry/CuNi3_dryIMG_20230711_211230.jpg,CuNi3
../data/rgb/train_dry/CuNi3_dryIMG_20230711_222706.jpg,CuNi3
../data/rgb/train_dry/CuNi1_dryIMG_20230707_180434.jpg,CuNi1
../data/rgb/train_dry/CuNi1_dryIMG_20230707_173757.jpg,CuNi1
../data/rgb/train_dry/CuNi2_dryIMG_20230711_154243.jpg,CuNi2
../data/rgb/train_dry/CuNi1_dryIMG_20230707_184719.jpg,CuNi1
../data/rgb/train_dry/CuNi1_dryIMG_20230707_173916.jpg,CuNi1
../data/rgb/train_dry/CuNi1_dryIMG_20230707_184641.jpg,CuNi1
../data/rgb/train_dry/CuNi2_dryIMG_20230711_182816.jpg,CuNi2
../data/rgb/train_dry/CuNi1_dryIMG_20230707_162439.jpg,CuNi1
../data/rgb/train_dry/CuNi2_dryIMG_20230711_170056.jpg,CuNi2
../data/rgb/train_dry/CuNi3_dryIMG_20230711_212310.jpg,CuNi3
../data/rgb/train_dry/CuNi1_dryIMG_20230707_162011.jpg,CuNi1
../data/rgb/train_dry/CuNi3_dryIMG_20230711_212629.jpg,CuNi3
../data/rgb/train_dry/CuNi1_dryIMG_20230707_163934.jpg,CuNi1
../data/rgb/train_dry/CuNi1_dryIMG_20230707_191713.jpg,CuNi1
../data/rgb/train_dry/CuNi2_dryIMG_20230711_163549.jpg,CuNi2
../data/rgb/train_dry/CuNi3_dryIMG_20230711_212248.jpg,CuNi3
../data/rgb/train_dry/CuNi1_dryIMG_20230707_171320.jpg,CuNi1
../data/rgb/train_dry/CuNi2_dryIMG_20230711_165647.jpg,CuNi2
../data/rgb/train_dry/CuNi1_dryIMG_20230707_173923.jpg,CuNi1
../data/rgb/train_dry/CuNi1_dryIMG_20230707_180957.jpg,CuNi1
../data/rgb/train_dry/CuNi3_dryIMG_20230601_152058.jpg,CuNi3
../data/rgb/train_dry/CuNi1_dryIMG_20230707_170753.jpg,CuNi1
../data/rgb/train_dry/CuNi1_dryIMG_20230707_163948.jpg,CuNi1
../data/rgb/train_dry/CuNi2_dryIMG_20230711_174552.jpg,CuNi2
../data/rgb/train_dry/CuNi2_dryIMG_20230711_182619.jpg,CuNi2
../data/rgb/train_dry/CuNi2_dryIMG_20230711_154734.jpg,CuNi2
../data/rgb/train_dry/CuNi1_dryIMG_20230707_191527.jpg,CuNi1
../data/rgb/train_dry/CuNi3_dryIMG_20230711_211450.jpg,CuNi3
../data/rgb/train_dry/CuNi2_dryIMG_20230711_182824.jpg,CuNi2
../data/rgb/train_dry/CuNi2_dryIMG_20230711_182741.jpg,CuNi2
../data/rgb/train_dry/CuNi3_dryIMG_20230602_220822.jpg,CuNi3
../data/rgb/train_dry/CuNi2_dryIMG_20230711_165959.jpg,CuNi2
../data/rgb/train_dry/CuNi1_dryIMG_20230707_162016.jpg,CuNi1
../data/rgb/train_dry/CuNi2_dryIMG_20230711_165801.jpg,CuNi2
../data/rgb/train_dry/CuNi1_dryIMG_20230707_161910.jpg,CuNi1
../data/rgb/train_dry/CuNi1_dryIMG_20230707_174132.jpg,CuNi1
../data/rgb/train_dry/CuNi3_dryIMG_20230601_152346.jpg,CuNi3
../data/rgb/train_dry/CuNi3_dryIMG_20230711_222823.jpg,CuNi3
../data/rgb/train_dry/CuNi2_dryIMG_20230711_182500.jpg,CuNi2
../data/rgb/train_dry/CuNi2_dryIMG_20230711_182458.jpg,CuNi2
../data/rgb/train_dry/CuNi2_dryIMG_20230711_154907.jpg,CuNi2
../data/rgb/train_dry/CuNi1_dryIMG_20230707_180647.jpg,CuNi1
../data/rgb/train_dry/CuNi3_dryIMG_20230602_222138.jpg,CuNi3
../data/rgb/train_dry/CuNi2_dryIMG_20230711_163236.jpg,CuNi2
../data/rgb/train_dry/CuNi1_dryIMG_20230707_185041.jpg,CuNi1
../data/rgb/train_dry/CuNi2_dryIMG_20230711_161215.jpg,CuNi2
../data/rgb/train_dry/CuNi2_dryIMG_20230711_163540.jpg,CuNi2
../data/rgb/train_dry/CuNi1_dryIMG_20230707_173523.jpg,CuNi1
../data/rgb/train_dry/CuNi1_dryIMG_20230707_185209.jpg,CuNi1
../data/rgb/train_dry/CuNi2_dryIMG_20230711_154619.jpg,CuNi2
../data/rgb/train_dry/CuNi2_dryIMG_20230711_182423.jpg,CuNi2
../data/rgb/train_dry/CuNi2_dryIMG_20230711_182734.jpg,CuNi2
../data/rgb/train_dry/CuNi1_dryIMG_20230707_191258.jpg,CuNi1
../data/rgb/train_dry/CuNi1_dryIMG_20230707_191639.jpg,CuNi1
../data/rgb/train_dry/CuNi1_dryIMG_20230707_173648.jpg,CuNi1
../data/rgb/train_dry/CuNi1_dryIMG_20230707_164311.jpg,CuNi1
../data/rgb/train_dry/CuNi2_dryIMG_20230711_174714.jpg,CuNi2
../data/rgb/train_dry/CuNi1_dryIMG_20230707_173710.jpg,CuNi1
../data/rgb/train_dry/CuNi1_dryIMG_20230707_162319.jpg,CuNi1
../data/rgb/train_dry/CuNi2_dryIMG_20230711_154608.jpg,CuNi2
../data/rgb/train_dry/CuNi1_dryIMG_20230707_164224.jpg,CuNi1
../data/rgb/train_dry/CuNi2_dryIMG_20230711_163719.jpg,CuNi2
../data/rgb/train_dry/CuNi2_dryIMG_20230711_154750.jpg,CuNi2
../data/rgb/train_dry/CuNi1_dryIMG_20230707_181011.jpg,CuNi1
../data/rgb/train_dry/CuNi2_dryIMG_20230711_165624.jpg,CuNi2
../data/rgb/train_dry/CuNi2_dryIMG_20230711_180549.jpg,CuNi2
../data/rgb/train_dry/CuNi1_dryIMG_20230707_180546.jpg,CuNi1
../data/rgb/train_dry/CuNi2_dryIMG_20230711_154102.jpg,CuNi2
../data/rgb/train_dry/CuNi2_dryIMG_20230711_174705.jpg,CuNi2
../data/rgb/train_dry/CuNi2_dryIMG_20230711_182601.jpg,CuNi2
../data/rgb/train_dry/CuNi1_dryIMG_20230707_180948.jpg,CuNi1
../data/rgb/train_dry/CuNi2_dryIMG_20230711_174415.jpg,CuNi2
../data/rgb/train_dry/CuNi3_dryIMG_20230711_214815.jpg,CuNi3
../data/rgb/train_dry/CuNi2_dryIMG_20230711_154212.jpg,CuNi2
../data/rgb/train_dry/CuNi1_dryIMG_20230707_184507.jpg,CuNi1
../data/rgb/train_dry/CuNi3_dryIMG_20230601_151707.jpg,CuNi3
../data/rgb/train_dry/CuNi1_dryIMG_20230707_164642.jpg,CuNi1
../data/rgb/train_dry/CuNi3_dryIMG_20230602_212033.jpg,CuNi3
../data/rgb/train_dry/CuNi1_dryIMG_20230707_185050.jpg,CuNi1
../data/rgb/train_dry/CuNi2_dryIMG_20230711_180238.jpg,CuNi2
../data/rgb/train_dry/CuNi2_dryIMG_20230711_174531.jpg,CuNi2
../data/rgb/train_dry/CuNi1_dryIMG_20230707_161353.jpg,CuNi1
../data/rgb/train_dry/CuNi2_dryIMG_20230711_182750.jpg,CuNi2
../data/rgb/train_dry/CuNi3_dryIMG_20230711_212554.jpg,CuNi3
../data/rgb/train_dry/CuNi3_dryIMG_20230711_215407.jpg,CuNi3
../data/rgb/train_dry/CuNi1_dryIMG_20230707_171105.jpg,CuNi1
../data/rgb/train_dry/CuNi2_dryIMG_20230711_154053.jpg,CuNi2
../data/rgb/train_dry/CuNi2_dryIMG_20230711_174543.jpg,CuNi2
../data/rgb/train_dry/CuNi1_dryIMG_20230707_180941.jpg,CuNi1
../data/rgb/train_dry/CuNi1_dryIMG_20230707_171336.jpg,CuNi1
../data/rgb/train_dry/CuNi2_dryIMG_20230711_163229.jpg,CuNi2
../data/rgb/train_dry/CuNi2_dryIMG_20230711_165810.jpg,CuNi2
../data/rgb/train_dry/CuNi1_dryIMG_20230707_174246.jpg,CuNi1
../data/rgb/train_dry/CuNi2_dryIMG_20230711_165948.jpg,CuNi2
../data/rgb/train_dry/CuNi1_dryIMG_20230707_161859.jpg,CuNi1
../data/rgb/train_dry/CuNi3_dryIMG_20230711_222725.jpg,CuNi3
../data/rgb/train_dry/CuNi1_dryIMG_20230707_162248.jpg,CuNi1
../data/rgb/train_dry/CuNi2_dryIMG_20230711_163407.jpg,CuNi2
../data/rgb/train_dry/CuNi3_dryIMG_20230601_151651.jpg,CuNi3
../data/rgb/train_dry/CuNi3_dryIMG_20230711_211213.jpg,CuNi3
../data/rgb/train_dry/CuNi1_dryIMG_20230707_161906.jpg,CuNi1
../data/rgb/train_dry/CuNi1_dryIMG_20230707_162158.jpg,CuNi1
../data/rgb/train_dry/CuNi2_dryIMG_20230711_180547.jpg,CuNi2
../data/rgb/train_dry/CuNi1_dryIMG_20230707_184824.jpg,CuNi1
../data/rgb/train_dry/CuNi2_dryIMG_20230711_160843.jpg,CuNi2
../data/rgb/train_dry/CuNi3_dryIMG_20230602_221111.jpg,CuNi3
../data/rgb/train_dry/CuNi1_dryIMG_20230707_161822.jpg,CuNi1
../data/rgb/train_dry/CuNi1_dryIMG_20230707_191626.jpg,CuNi1
../data/rgb/train_dry/CuNi2_dryIMG_20230711_154633.jpg,CuNi2
../data/rgb/train_dry/CuNi3_dryIMG_20230602_220718.jpg,CuNi3
../data/rgb/train_dry/CuNi1_dryIMG_20230707_171013.jpg,CuNi1
../data/rgb/train_dry/CuNi1_dryIMG_20230707_180425.jpg,CuNi1
../data/rgb/train_dry/CuNi1_dryIMG_20230707_180857.jpg,CuNi1
../data/rgb/train_dry/CuNi1_dryIMG_20230707_191356.jpg,CuNi1
../data/rgb/train_dry/CuNi1_dryIMG_20230707_184811.jpg,CuNi1
../data/rgb/train_dry/CuNi1_dryIMG_20230707_185010.jpg,CuNi1
../data/rgb/train_dry/CuNi1_dryIMG_20230707_184547.jpg,CuNi1
../data/rgb/train_dry/CuNi3_dryIMG_20230711_210937.jpg,CuNi3
../data/rgb/train_dry/CuNi1_dryIMG_20230707_174047.jpg,CuNi1
../data/rgb/train_dry/CuNi3_dryIMG_20230711_215343.jpg,CuNi3
../data/rgb/train_dry/CuNi2_dryIMG_20230711_154400.jpg,CuNi2
../data/rgb/train_dry/CuNi1_dryIMG_20230707_184708.jpg,CuNi1
../data/rgb/train_dry/CuNi2_dryIMG_20230711_174358.jpg,CuNi2
../data/rgb/train_dry/CuNi2_dryIMG_20230711_154229.jpg,CuNi2
../data/rgb/train_dry/CuNi3_dryIMG_20230601_151740.jpg,CuNi3
../data/rgb/train_dry/CuNi1_dryIMG_20230707_185300.jpg,CuNi1
../data/rgb/train_dry/CuNi1_dryIMG_20230707_184540.jpg,CuNi1
../data/rgb/train_dry/CuNi3_dryIMG_20230711_214504.jpg,CuNi3
../data/rgb/train_dry/CuNi1_dryIMG_20230707_162201.jpg,CuNi1
../data/rgb/train_dry/CuNi2_dryIMG_20230711_165901.jpg,CuNi2
../data/rgb/train_dry/CuNi2_dryIMG_20230711_163725.jpg,CuNi2
../data/rgb/train_dry/CuNi3_dryIMG_20230711_222407.jpg,CuNi3
../data/rgb/train_dry/CuNi3_dryIMG_20230711_212445.jpg,CuNi3
../data/rgb/train_dry/CuNi3_dryIMG_20230711_212837.jpg,CuNi3
../data/rgb/train_dry/CuNi2_dryIMG_20230711_154923.jpg,CuNi2
../data/rgb/train_dry/CuNi2_dryIMG_20230711_163440.jpg,CuNi2
../data/rgb/train_dry/CuNi1_dryIMG_20230707_164332.jpg,CuNi1
../data/rgb/train_dry/CuNi3_dryIMG_20230601_152414.jpg,CuNi3
../data/rgb/train_dry/CuNi3_dryIMG_20230602_221151.jpg,CuNi3
../data/rgb/train_dry/CuNi1_dryIMG_20230707_164216.jpg,CuNi1
../data/rgb/train_dry/CuNi1_dryIMG_20230707_184818.jpg,CuNi1
../data/rgb/train_dry/CuNi1_dryIMG_20230707_173500.jpg,CuNi1
../data/rgb/train_dry/CuNi1_dryIMG_20230707_191903.jpg,CuNi1
../data/rgb/train_dry/CuNi3_dryIMG_20230711_222924.jpg,CuNi3
../data/rgb/train_dry/CuNi3_dryIMG_20230601_152156.jpg,CuNi3
../data/rgb/train_dry/CuNi1_dryIMG_20230707_180859.jpg,CuNi1
../data/rgb/train_dry/CuNi2_dryIMG_20230711_182710.jpg,CuNi2
../data/rgb/train_dry/CuNi1_dryIMG_20230707_162502.jpg,CuNi1
../data/rgb/train_dry/CuNi1_dryIMG_20230707_185251.jpg,CuNi1
../data/rgb/train_dry/CuNi1_dryIMG_20230707_164443.jpg,CuNi1
../data/rgb/train_dry/CuNi2_dryIMG_20230711_180500.jpg,CuNi2
../data/rgb/train_dry/CuNi3_dryIMG_20230602_221704.jpg,CuNi3
../data/rgb/train_dry/CuNi1_dryIMG_20230707_184706.jpg,CuNi1
../data/rgb/train_dry/CuNi3_dryIMG_20230711_215314.jpg,CuNi3
../data/rgb/train_dry/CuNi1_dryIMG_20230707_161725.jpg,CuNi1
../data/rgb/train_dry/CuNi1_dryIMG_20230707_191921.jpg,CuNi1
../data/rgb/train_dry/CuNi3_dryIMG_20230711_214643.jpg,CuNi3
../data/rgb/train_dry/CuNi1_dryIMG_20230707_164655.jpg,CuNi1
../data/rgb/train_dry/CuNi3_dryIMG_20230602_212752.jpg,CuNi3
../data/rgb/train_dry/CuNi2_dryIMG_20230711_154859.jpg,CuNi2
../data/rgb/train_dry/CuNi3_dryIMG_20230711_212415.jpg,CuNi3
../data/rgb/train_dry/CuNi2_dryIMG_20230711_165710.jpg,CuNi2
../data/rgb/train_dry/CuNi3_dryIMG_20230602_221726.jpg,CuNi3
../data/rgb/train_dry/CuNi3_dryIMG_20230711_211507.jpg,CuNi3
../data/rgb/train_dry/CuNi1_dryIMG_20230707_184724.jpg,CuNi1
../data/rgb/train_dry/CuNi3_dryIMG_20230711_214638.jpg,CuNi3
../data/rgb/train_dry/CuNi1_dryIMG_20230707_184919.jpg,CuNi1
../data/rgb/train_dry/CuNi1_dryIMG_20230707_174258.jpg,CuNi1
../data/rgb/train_dry/CuNi1_dryIMG_20230707_181006.jpg,CuNi1
../data/rgb/train_dry/CuNi1_dryIMG_20230707_162019.jpg,CuNi1
../data/rgb/train_dry/CuNi2_dryIMG_20230711_163656.jpg,CuNi2
../data/rgb/train_dry/CuNi1_dryIMG_20230707_180409.jpg,CuNi1
../data/rgb/train_dry/CuNi1_dryIMG_20230707_191250.jpg,CuNi1
../data/rgb/train_dry/CuNi3_dryIMG_20230711_222328.jpg,CuNi3
../data/rgb/train_dry/CuNi1_dryIMG_20230707_161750.jpg,CuNi1
../data/rgb/train_dry/CuNi1_dryIMG_20230707_191631.jpg,CuNi1
../data/rgb/train_dry/CuNi1_dryIMG_20230707_173640.jpg,CuNi1
../data/rgb/train_dry/CuNi3_dryIMG_20230711_212812.jpg,CuNi3
../data/rgb/train_dry/CuNi2_dryIMG_20230711_161055.jpg,CuNi2
../data/rgb/train_dry/CuNi2_dryIMG_20230711_180226.jpg,CuNi2
../data/rgb/train_dry/CuNi2_dryIMG_20230711_154611.jpg,CuNi2
../data/rgb/train_dry/CuNi2_dryIMG_20230711_180408.jpg,CuNi2
../data/rgb/train_dry/CuNi1_dryIMG_20230707_170914.jpg,CuNi1
../data/rgb/train_dry/CuNi2_dryIMG_20230711_154038.jpg,CuNi2
../data/rgb/train_dry/CuNi1_dryIMG_20230707_162148.jpg,CuNi1
../data/rgb/train_dry/CuNi2_dryIMG_20230711_161052.jpg,CuNi2
../data/rgb/train_dry/CuNi3_dryIMG_20230601_151551.jpg,CuNi3
../data/rgb/train_dry/CuNi2_dryIMG_20230711_163707.jpg,CuNi2
../data/rgb/train_dry/CuNi2_dryIMG_20230711_154425.jpg,CuNi2
../data/rgb/train_dry/CuNi3_dryIMG_20230711_211456.jpg,CuNi3
../data/rgb/train_dry/CuNi3_dryIMG_20230602_222014.jpg,CuNi3
../data/rgb/train_dry/CuNi2_dryIMG_20230711_160853.jpg,CuNi2
../data/rgb/train_dry/CuNi1_dryIMG_20230707_162332.jpg,CuNi1
../data/rgb/train_dry/CuNi1_dryIMG_20230707_161923.jpg,CuNi1
../data/rgb/train_dry/CuNi1_dryIMG_20230707_171003.jpg,CuNi1
../data/rgb/train_dry/CuNi2_dryIMG_20230711_182419.jpg,CuNi2
../data/rgb/train_dry/CuNi1_dryIMG_20230707_191514.jpg,CuNi1
../data/rgb/train_dry/CuNi2_dryIMG_20230711_154410.jpg,CuNi2
../data/rgb/train_dry/CuNi1_dryIMG_20230707_191603.jpg,CuNi1
../data/rgb/train_dry/CuNi2_dryIMG_20230711_161254.jpg,CuNi2
../data/rgb/train_dry/CuNi1_dryIMG_20230707_184557.jpg,CuNi1
../data/rgb/train_dry/CuNi3_dryIMG_20230711_212904.jpg,CuNi3
../data/rgb/train_dry/CuNi1_dryIMG_20230707_173848.jpg,CuNi1
../data/rgb/train_dry/CuNi1_dryIMG_20230707_180759.jpg,CuNi1
../data/rgb/train_dry/CuNi3_dryIMG_20230711_212110.jpg,CuNi3
../data/rgb/train_dry/CuNi2_dryIMG_20230711_174729.jpg,CuNi2
../data/rgb/train_dry/CuNi3_dryIMG_20230601_152133.jpg,CuNi3
../data/rgb/train_dry/CuNi3_dryIMG_20230711_223257.jpg,CuNi3
../data/rgb/train_dry/CuNi1_dryIMG_20230707_184806.jpg,CuNi1
../data/rgb/train_dry/CuNi1_dryIMG_20230707_170921.jpg,CuNi1
../data/rgb/train_dry/CuNi1_dryIMG_20230707_162022.jpg,CuNi1
../data/rgb/train_dry/CuNi2_dryIMG_20230711_161012.jpg,CuNi2
../data/rgb/train_dry/CuNi2_dryIMG_20230711_174346.jpg,CuNi2
../data/rgb/train_dry/CuNi3_dryIMG_20230602_220659.jpg,CuNi3
../data/rgb/train_dry/CuNi3_dryIMG_20230602_212259.jpg,CuNi3
../data/rgb/train_dry/CuNi1_dryIMG_20230707_161717.jpg,CuNi1
../data/rgb/train_dry/CuNi3_dryIMG_20230711_210952.jpg,CuNi3
../data/rgb/train_dry/CuNi3_dryIMG_20230711_212614.jpg,CuNi3
../data/rgb/train_dry/CuNi3_dryIMG_20230602_221637.jpg,CuNi3
../data/rgb/train_dry/CuNi3_dryIMG_20230602_211910.jpg,CuNi3
../data/rgb/train_dry/CuNi3_dryIMG_20230602_210322.jpg,CuNi3
../data/rgb/train_dry/CuNi1_dryIMG_20230707_171155.jpg,CuNi1
../data/rgb/train_dry/CuNi3_dryIMG_20230711_214913.jpg,CuNi3
../data/rgb/train_dry/CuNi1_dryIMG_20230707_173517.jpg,CuNi1
../data/rgb/train_dry/CuNi1_dryIMG_20230707_170928.jpg,CuNi1
../data/rgb/train_dry/CuNi2_dryIMG_20230711_182700.jpg,CuNi2
../data/rgb/train_dry/CuNi1_dryIMG_20230707_174025.jpg,CuNi1
../data/rgb/train_dry/CuNi1_dryIMG_20230707_184632.jpg,CuNi1
../data/rgb/train_dry/CuNi3_dryIMG_20230602_210325.jpg,CuNi3
../data/rgb/train_dry/CuNi2_dryIMG_20230711_182533.jpg,CuNi2
../data/rgb/train_dry/CuNi1_dryIMG_20230707_184716.jpg,CuNi1
../data/rgb/train_dry/CuNi2_dryIMG_20230711_160930.jpg,CuNi2
../data/rgb/train_dry/CuNi2_dryIMG_20230711_174437.jpg,CuNi2
../data/rgb/train_dry/CuNi1_dryIMG_20230707_173506.jpg,CuNi1
../data/rgb/train_dry/CuNi2_dryIMG_20230711_163609.jpg,CuNi2
../data/rgb/train_dry/CuNi1_dryIMG_20230707_191821.jpg,CuNi1
../data/rgb/train_dry/CuNi1_dryIMG_20230707_185308.jpg,CuNi1
../data/rgb/train_dry/CuNi1_dryIMG_20230707_162351.jpg,CuNi1
../data/rgb/train_dry/CuNi3_dryIMG_20230711_211145.jpg,CuNi3
../data/rgb/train_dry/CuNi1_dryIMG_20230707_180746.jpg,CuNi1
../data/rgb/train_dry/CuNi2_dryIMG_20230711_174357.jpg,CuNi2
../data/rgb/train_dry/CuNi1_dryIMG_20230707_191454.jpg,CuNi1
../data/rgb/train_dry/CuNi2_dryIMG_20230711_180328.jpg,CuNi2
../data/rgb/train_dry/CuNi1_dryIMG_20230707_162041.jpg,CuNi1
../data/rgb/train_dry/CuNi3_dryIMG_20230711_214453.jpg,CuNi3
../data/rgb/train_dry/CuNi2_dryIMG_20230711_161314.jpg,CuNi2
../data/rgb/train_dry/CuNi1_dryIMG_20230707_184533.jpg,CuNi1
../data/rgb/train_dry/CuNi1_dryIMG_20230707_184941.jpg,CuNi1
../data/rgb/train_dry/CuNi3_dryIMG_20230602_221247.jpg,CuNi3
../data/rgb/train_dry/CuNi3_dryIMG_20230711_210943.jpg,CuNi3
../data/rgb/train_dry/CuNi1_dryIMG_20230707_174033.jpg,CuNi1
../data/rgb/train_dry/CuNi1_dryIMG_20230707_164439.jpg,CuNi1
../data/rgb/train_dry/CuNi3_dryIMG_20230602_212629.jpg,CuNi3
../data/rgb/train_dry/CuNi3_dryIMG_20230602_210437.jpg,CuNi3
../data/rgb/train_dry/CuNi1_dryIMG_20230707_174041.jpg,CuNi1
../data/rgb/train_dry/CuNi3_dryIMG_20230711_210628.jpg,CuNi3
../data/rgb/train_dry/CuNi1_dryIMG_20230707_191854.jpg,CuNi1
../data/rgb/train_dry/CuNi1_dryIMG_20230707_180851.jpg,CuNi1
../data/rgb/train_dry/CuNi1_dryIMG_20230707_180423.jpg,CuNi1
../data/rgb/train_dry/CuNi1_dryIMG_20230707_191350.jpg,CuNi1
../data/rgb/train_dry/CuNi3_dryIMG_20230711_211646.jpg,CuNi3
../data/rgb/train_dry/CuNi3_dryIMG_20230711_222711.jpg,CuNi3
../data/rgb/train_dry/CuNi2_dryIMG_20230711_163345.jpg,CuNi2
../data/rgb/train_dry/CuNi1_dryIMG_20230707_162034.jpg,CuNi1
../data/rgb/train_dry/CuNi2_dryIMG_20230711_174454.jpg,CuNi2
../data/rgb/train_dry/CuNi3_dryIMG_20230602_212241.jpg,CuNi3
../data/rgb/train_dry/CuNi1_dryIMG_20230707_164430.jpg,CuNi1
../data/rgb/train_dry/CuNi1_dryIMG_20230707_164346.jpg,CuNi1
../data/rgb/train_dry/CuNi3_dryIMG_20230711_212106.jpg,CuNi3
../data/rgb/train_dry/CuNi2_dryIMG_20230711_161152.jpg,CuNi2
../data/rgb/train_dry/CuNi2_dryIMG_20230711_182806.jpg,CuNi2
../data/rgb/train_dry/CuNi3_dryIMG_20230711_210653.jpg,CuNi3
../data/rgb/train_dry/CuNi3_dryIMG_20230602_221125.jpg,CuNi3
../data/rgb/train_dry/CuNi3_dryIMG_20230711_214828.jpg,CuNi3
../data/rgb/train_dry/CuNi2_dryIMG_20230711_154559.jpg,CuNi2
../data/rgb/train_dry/CuNi2_dryIMG_20230711_180457.jpg,CuNi2
../data/rgb/train_dry/CuNi1_dryIMG_20230707_191612.jpg,CuNi1
../data/rgb/train_dry/CuNi2_dryIMG_20230711_163448.jpg,CuNi2
../data/rgb/train_dry/CuNi1_dryIMG_20230707_162207.jpg,CuNi1
../data/rgb/train_dry/CuNi1_dryIMG_20230707_174209.jpg,CuNi1
../data/rgb/train_dry/CuNi3_dryIMG_20230711_212639.jpg,CuNi3
../data/rgb/train_dry/CuNi1_dryIMG_20230707_171027.jpg,CuNi1
../data/rgb/train_dry/CuNi3_dryIMG_20230711_222846.jpg,CuNi3
../data/rgb/train_dry/CuNi2_dryIMG_20230711_163716.jpg,CuNi2
../data/rgb/train_dry/CuNi2_dryIMG_20230711_180230.jpg,CuNi2
../data/rgb/train_dry/CuNi2_dryIMG_20230711_161043.jpg,CuNi2
../data/rgb/train_dry/CuNi3_dryIMG_20230601_151932.jpg,CuNi3
../data/rgb/train_dry/CuNi1_dryIMG_20230707_164521.jpg,CuNi1
../data/rgb/train_dry/CuNi3_dryIMG_20230711_222510.jpg,CuNi3
../data/rgb/train_dry/CuNi3_dryIMG_20230711_212133.jpg,CuNi3
../data/rgb/train_dry/CuNi2_dryIMG_20230711_165932.jpg,CuNi2
../data/rgb/train_dry/CuNi2_dryIMG_20230711_182519.jpg,CuNi2
../data/rgb/train_dry/CuNi1_dryIMG_20230707_173933.jpg,CuNi1
../data/rgb/train_dry/CuNi1_dryIMG_20230707_170826.jpg,CuNi1
../data/rgb/train_dry/CuNi3_dryIMG_20230711_222600.jpg,CuNi3
../data/rgb/train_dry/CuNi3_dryIMG_20230601_152117.jpg,CuNi3
../data/rgb/train_dry/CuNi3_dryIMG_20230711_211518.jpg,CuNi3
../data/rgb/train_dry/CuNi2_dryIMG_20230711_154345.jpg,CuNi2
../data/rgb/train_dry/CuNi3_dryIMG_20230711_223118.jpg,CuNi3
../data/rgb/train_dry/CuNi1_dryIMG_20230707_161741.jpg,CuNi1
../data/rgb/train_dry/CuNi1_dryIMG_20230707_170821.jpg,CuNi1
../data/rgb/train_dry/CuNi1_dryIMG_20230707_171213.jpg,CuNi1
../data/rgb/train_dry/CuNi1_dryIMG_20230707_162311.jpg,CuNi1
../data/rgb/train_dry/CuNi1_dryIMG_20230707_180416.jpg,CuNi1
../data/rgb/train_dry/CuNi3_dryIMG_20230602_210308.jpg,CuNi3
../data/rgb/train_dry/CuNi2_dryIMG_20230711_174629.jpg,CuNi2
../data/rgb/train_dry/CuNi1_dryIMG_20230707_170738.jpg,CuNi1
../data/rgb/train_dry/CuNi1_dryIMG_20230707_180659.jpg,CuNi1
../data/rgb/train_dry/CuNi2_dryIMG_20230711_170041.jpg,CuNi2
../data/rgb/train_dry/CuNi1_dryIMG_20230707_164528.jpg,CuNi1
../data/rgb/train_dry/CuNi3_dryIMG_20230602_222154.jpg,CuNi3
../data/rgb/train_dry/CuNi3_dryIMG_20230601_151622.jpg,CuNi3
../data/rgb/train_dry/CuNi2_dryIMG_20230711_182607.jpg,CuNi2
../data/rgb/train_dry/CuNi1_dryIMG_20230707_164554.jpg,CuNi1
../data/rgb/train_dry/CuNi2_dryIMG_20230711_161205.jpg,CuNi2
../data/rgb/train_dry/CuNi2_dryIMG_20230711_161112.jpg,CuNi2
../data/rgb/train_dry/CuNi1_dryIMG_20230707_185109.jpg,CuNi1
../data/rgb/train_dry/CuNi3_dryIMG_20230711_214930.jpg,CuNi3
../data/rgb/train_dry/CuNi3_dryIMG_20230711_211722.jpg,CuNi3
../data/rgb/train_dry/CuNi2_dryIMG_20230711_160830.jpg,CuNi2
../data/rgb/train_dry/CuNi1_dryIMG_20230707_164644.jpg,CuNi1
../data/rgb/train_dry/CuNi1_dryIMG_20230707_185056.jpg,CuNi1
../data/rgb/train_dry/CuNi1_dryIMG_20230707_180650.jpg,CuNi1
../data/rgb/train_dry/CuNi1_dryIMG_20230707_191234.jpg,CuNi1
../data/rgb/train_dry/CuNi1_dryIMG_20230707_173533.jpg,CuNi1
../data/rgb/train_dry/CuNi1_dryIMG_20230707_161734.jpg,CuNi1
../data/rgb/train_dry/CuNi1_dryIMG_20230707_171342.jpg,CuNi1
../data/rgb/train_dry/CuNi3_dryIMG_20230711_211511.jpg,CuNi3
../data/rgb/train_dry/CuNi2_dryIMG_20230711_180242.jpg,CuNi2
../data/rgb/train_dry/CuNi2_dryIMG_20230711_182517.jpg,CuNi2
../data/rgb/train_dry/CuNi1_dryIMG_20230707_191248.jpg,CuNi1
../data/rgb/train_dry/CuNi3_dryIMG_20230711_214539.jpg,CuNi3
../data/rgb/train_dry/CuNi2_dryIMG_20230711_170034.jpg,CuNi2
../data/rgb/train_dry/CuNi2_dryIMG_20230711_174735.jpg,CuNi2
../data/rgb/train_dry/CuNi1_dryIMG_20230707_191457.jpg,CuNi1
../data/rgb/train_dry/CuNi2_dryIMG_20230711_161158.jpg,CuNi2
../data/rgb/train_dry/CuNi2_dryIMG_20230711_180505.jpg,CuNi2
../data/rgb/train_dry/CuNi3_dryIMG_20230602_211826.jpg,CuNi3
../data/rgb/train_dry/CuNi3_dryIMG_20230711_211713.jpg,CuNi3
../data/rgb/train_dry/CuNi2_dryIMG_20230711_170121.jpg,CuNi2
../data/rgb/train_dry/CuNi3_dryIMG_20230602_212313.jpg,CuNi3
../data/rgb/train_dry/CuNi2_dryIMG_20230711_163217.jpg,CuNi2
../data/rgb/train_dry/CuNi3_dryIMG_20230711_215333.jpg,CuNi3
../data/rgb/train_dry/CuNi1_dryIMG_20230707_185138.jpg,CuNi1
../data/rgb/train_dry/CuNi2_dryIMG_20230711_180502.jpg,CuNi2
../data/rgb/train_dry/CuNi1_dryIMG_20230707_164337.jpg,CuNi1
../data/rgb/train_dry/CuNi2_dryIMG_20230711_174321.jpg,CuNi2
../data/rgb/train_dry/CuNi1_dryIMG_20230707_162456.jpg,CuNi1
../data/rgb/train_dry/CuNi1_dryIMG_20230707_180855.jpg,CuNi1
../data/rgb/train_dry/CuNi1_dryIMG_20230707_180427.jpg,CuNi1
../data/rgb/train_dry/CuNi2_dryIMG_20230711_160950.jpg,CuNi2
../data/rgb/train_dry/CuNi3_dryIMG_20230711_211223.jpg,CuNi3
../data/rgb/train_dry/CuNi3_dryIMG_20230711_222402.jpg,CuNi3
../data/rgb/train_dry/CuNi2_dryIMG_20230711_174618.jpg,CuNi2
../data/rgb/train_dry/CuNi3_dryIMG_20230711_212440.jpg,CuNi3
../data/rgb/train_dry/CuNi1_dryIMG_20230707_171149.jpg,CuNi1
../data/rgb/train_dry/CuNi3_dryIMG_20230711_211134.jpg,CuNi3
../data/rgb/train_dry/CuNi1_dryIMG_20230707_191328.jpg,CuNi1
../data/rgb/train_dry/CuNi3_dryIMG_20230711_222631.jpg,CuNi3
../data/rgb/train_dry/CuNi2_dryIMG_20230711_170154.jpg,CuNi2
../data/rgb/train_dry/CuNi3_dryIMG_20230711_214459.jpg,CuNi3
../data/rgb/train_dry/CuNi2_dryIMG_20230711_161246.jpg,CuNi2
../data/rgb/train_dry/CuNi2_dryIMG_20230711_163514.jpg,CuNi2
../data/rgb/train_dry/CuNi3_dryIMG_20230602_220804.jpg,CuNi3
../data/rgb/train_dry/CuNi1_dryIMG_20230707_191501.jpg,CuNi1
../data/rgb/train_dry/CuNi1_dryIMG_20230707_171132.jpg,CuNi1
../data/rgb/train_dry/CuNi1_dryIMG_20230707_180356.jpg,CuNi1
../data/rgb/train_dry/CuNi1_dryIMG_20230707_180420.jpg,CuNi1
../data/rgb/train_dry/CuNi2_dryIMG_20230711_163430.jpg,CuNi2
../data/rgb/train_dry/CuNi1_dryIMG_20230707_184814.jpg,CuNi1
../data/rgb/train_dry/CuNi2_dryIMG_20230711_182643.jpg,CuNi2
../data/rgb/train_dry/CuNi1_dryIMG_20230707_171348.jpg,CuNi1
../data/rgb/train_dry/CuNi3_dryIMG_20230711_214819.jpg,CuNi3
../data/rgb/train_dry/CuNi2_dryIMG_20230711_182837.jpg,CuNi2
../data/rgb/train_dry/CuNi2_dryIMG_20230711_163257.jpg,CuNi2
../data/rgb/train_dry/CuNi2_dryIMG_20230711_180248.jpg,CuNi2
../data/rgb/train_dry/CuNi1_dryIMG_20230707_170747.jpg,CuNi1
../data/rgb/train_dry/CuNi1_dryIMG_20230707_171210.jpg,CuNi1
../data/rgb/train_dry/CuNi3_dryIMG_20230711_214941.jpg,CuNi3
../data/rgb/train_dry/CuNi1_dryIMG_20230707_170906.jpg,CuNi1
../data/rgb/train_dry/CuNi1_dryIMG_20230707_173813.jpg,CuNi1
../data/rgb/train_dry/CuNi2_dryIMG_20230711_163712.jpg,CuNi2
../data/rgb/train_dry/CuNi2_dryIMG_20230711_180234.jpg,CuNi2
../data/rgb/train_dry/CuNi2_dryIMG_20230711_161118.jpg,CuNi2
../data/rgb/train_dry/CuNi3_dryIMG_20230601_152037.jpg,CuNi3
../data/rgb/train_dry/CuNi3_dryIMG_20230602_210254.jpg,CuNi3
../data/rgb/train_dry/CuNi2_dryIMG_20230711_154839.jpg,CuNi2
../data/rgb/train_dry/CuNi2_dryIMG_20230711_182442.jpg,CuNi2
../data/rgb/train_dry/CuNi2_dryIMG_20230711_163250.jpg,CuNi2
../data/rgb/train_dry/CuNi1_dryIMG_20230707_173655.jpg,CuNi1
../data/rgb/train_dry/CuNi1_dryIMG_20230707_191624.jpg,CuNi1
../data/rgb/train_dry/CuNi2_dryIMG_20230711_161201.jpg,CuNi2
../data/rgb/train_dry/CuNi1_dryIMG_20230707_180653.jpg,CuNi1
../data/rgb/train_dry/CuNi1_dryIMG_20230707_170732.jpg,CuNi1
../data/rgb/train_dry/CuNi2_dryIMG_20230711_174623.jpg,CuNi2
../data/rgb/train_dry/CuNi1_dryIMG_20230707_163955.jpg,CuNi1
../data/rgb/train_dry/CuNi2_dryIMG_20230711_182514.jpg,CuNi2
../data/rgb/train_dry/CuNi2_dryIMG_20230711_170037.jpg,CuNi2
../data/rgb/train_dry/CuNi3_dryIMG_20230711_212139.jpg,CuNi3
../data/rgb/train_dry/CuNi2_dryIMG_20230711_170114.jpg,CuNi2
../data/rgb/train_dry/CuNi2_dryIMG_20230711_163225.jpg,CuNi2
../data/rgb/train_dry/CuNi1_dryIMG_20230707_170735.jpg,CuNi1
../data/rgb/train_dry/CuNi3_dryIMG_20230711_214656.jpg,CuNi3
../data/rgb/train_dry/CuNi1_dryIMG_20230707_162153.jpg,CuNi1
../data/rgb/train_dry/CuNi1_dryIMG_20230707_173945.jpg,CuNi1
../data/rgb/train_dry/CuNi3_dryIMG_20230601_151955.jpg,CuNi3
../data/rgb/train_dry/CuNi3_dryIMG_20230711_210725.jpg,CuNi3
../data/rgb/train_dry/CuNi1_dryIMG_20230707_180639.jpg,CuNi1
../data/rgb/train_dry/CuNi1_dryIMG_20230707_171118.jpg,CuNi1
../data/rgb/train_dry/CuNi3_dryIMG_20230711_223213.jpg,CuNi3
../data/rgb/train_dry/CuNi3_dryIMG_20230711_212128.jpg,CuNi3
../data/rgb/train_dry/CuNi2_dryIMG_20230711_174711.jpg,CuNi2
../data/rgb/train_dry/CuNi1_dryIMG_20230707_173526.jpg,CuNi1
../data/rgb/train_dry/CuNi1_dryIMG_20230707_180552.jpg,CuNi1
../data/rgb/train_dry/CuNi1_dryIMG_20230707_180920.jpg,CuNi1
../data/rgb/train_dry/CuNi3_dryIMG_20230711_214550.jpg,CuNi3
../data/rgb/train_dry/CuNi3_dryIMG_20230711_214922.jpg,CuNi3
../data/rgb/train_dry/CuNi1_dryIMG_20230707_180645.jpg,CuNi1
../data/rgb/train_dry/CuNi1_dryIMG_20230707_170724.jpg,CuNi1
../data/rgb/train_dry/CuNi2_dryIMG_20230711_182426.jpg,CuNi2
../data/rgb/train_dry/CuNi1_dryIMG_20230707_184603.jpg,CuNi1
../data/rgb/train_dry/CuNi1_dryIMG_20230707_170919.jpg,CuNi1
../data/rgb/train_dry/CuNi1_dryIMG_20230707_184514.jpg,CuNi1
../data/rgb/train_dry/CuNi1_dryIMG_20230707_164546.jpg,CuNi1
../data/rgb/train_dry/CuNi3_dryIMG_20230711_212622.jpg,CuNi3
../data/rgb/train_dry/CuNi2_dryIMG_20230711_180405.jpg,CuNi2
../data/rgb/train_dry/CuNi2_dryIMG_20230711_165637.jpg,CuNi2
../data/rgb/train_dry/CuNi2_dryIMG_20230711_161107.jpg,CuNi2
../data/rgb/train_dry/CuNi3_dryIMG_20230711_211730.jpg,CuNi3
../data/rgb/train_dry/CuNi1_dryIMG_20230707_164541.jpg,CuNi1
../data/rgb/train_dry/CuNi3_dryIMG_20230602_212214.jpg,CuNi3
../data/rgb/train_dry/CuNi3_dryIMG_20230601_151637.jpg,CuNi3
../data/rgb/train_dry/CuNi1_dryIMG_20230707_164004.jpg,CuNi1
../data/rgb/train_dry/CuNi2_dryIMG_20230711_170026.jpg,CuNi2
../data/rgb/train_dry/CuNi2_dryIMG_20230711_154206.jpg,CuNi2
../data/rgb/train_dry/CuNi2_dryIMG_20230711_174716.jpg,CuNi2
../data/rgb/train_dry/CuNi1_dryIMG_20230707_180803.jpg,CuNi1
../data/rgb/train_dry/CuNi2_dryIMG_20230711_165713.jpg,CuNi2
../data/rgb/train_dry/CuNi1_dryIMG_20230707_174145.jpg,CuNi1
../data/rgb/train_dry/CuNi1_dryIMG_20230707_164700.jpg,CuNi1
../data/rgb/train_dry/CuNi3_dryIMG_20230711_211429.jpg,CuNi3
../data/rgb/train_dry/CuNi1_dryIMG_20230707_162220.jpg,CuNi1
../data/rgb/train_dry/CuNi1_dryIMG_20230707_180630.jpg,CuNi1
../data/rgb/train_dry/CuNi3_dryIMG_20230711_214632.jpg,CuNi3
../data/rgb/train_dry/CuNi1_dryIMG_20230707_171111.jpg,CuNi1
../data/rgb/train_dry/CuNi2_dryIMG_20230711_174640.jpg,CuNi2
../data/rgb/train_dry/CuNi2_dryIMG_20230711_163241.jpg,CuNi2
../data/rgb/train_dry/CuNi2_dryIMG_20230711_174718.jpg,CuNi2
../data/rgb/train_dry/CuNi3_dryIMG_20230602_211953.jpg,CuNi3
../data/rgb/train_dry/CuNi3_dryIMG_20230711_212236.jpg,CuNi3
../data/rgb/train_dry/CuNi3_dryIMG_20230602_210417.jpg,CuNi3
../data/rgb/train_dry/CuNi1_dryIMG_20230707_171201.jpg,CuNi1
../data/rgb/train_dry/CuNi1_dryIMG_20230707_191253.jpg,CuNi1
../data/rgb/train_dry/CuNi3_dryIMG_20230711_214635.jpg,CuNi3
../data/rgb/train_dry/CuNi2_dryIMG_20230711_165927.jpg,CuNi2
../data/rgb/train_dry/CuNi2_dryIMG_20230711_174647.jpg,CuNi2
../data/rgb/train_dry/CuNi2_dryIMG_20230711_182826.jpg,CuNi2
../data/rgb/train_dry/CuNi3_dryIMG_20230711_210916.jpg,CuNi3
../data/rgb/train_dry/CuNi3_dryIMG_20230602_221212.jpg,CuNi3
../data/rgb/train_dry/CuNi2_dryIMG_20230711_182428.jpg,CuNi2
../data/rgb/train_dry/CuNi1_dryIMG_20230707_161912.jpg,CuNi1
../data/rgb/train_dry/CuNi1_dryIMG_20230707_191401.jpg,CuNi1
../data/rgb/train_dry/CuNi1_dryIMG_20230707_173802.jpg,CuNi1
../data/rgb/train_dry/CuNi3_dryIMG_20230602_212339.jpg,CuNi3
../data/rgb/train_dry/CuNi1_dryIMG_20230707_162303.jpg,CuNi1
../data/rgb/train_dry/CuNi3_dryIMG_20230711_215040.jpg,CuNi3
../data/rgb/train_dry/CuNi1_dryIMG_20230707_185313.jpg,CuNi1
../data/rgb/train_dry/CuNi3_dryIMG_20230602_221923.jpg,CuNi3
../data/rgb/train_dry/CuNi1_dryIMG_20230707_191342.jpg,CuNi1
../data/rgb/train_dry/CuNi3_dryIMG_20230711_212327.jpg,CuNi3
../data/rgb/train_dry/CuNi2_dryIMG_20230711_165754.jpg,CuNi2
../data/rgb/train_dry/CuNi2_dryIMG_20230711_163208.jpg,CuNi2
../data/rgb/train_dry/CuNi1_dryIMG_20230707_191841.jpg,CuNi1
../data/rgb/train_dry/CuNi1_dryIMG_20230707_161804.jpg,CuNi1
../data/rgb/train_dry/CuNi1_dryIMG_20230707_191758.jpg,CuNi1
../data/rgb/train_dry/CuNi1_dryIMG_20230707_185003.jpg,CuNi1
../data/rgb/train_dry/CuNi1_dryIMG_20230707_161404.jpg,CuNi1
../data/rgb/train_dry/CuNi3_dryIMG_20230711_212748.jpg,CuNi3
../data/rgb/train_dry/CuNi2_dryIMG_20230711_174448.jpg,CuNi2
../data/rgb/train_dry/CuNi2_dryIMG_20230711_154158.jpg,CuNi2
../data/rgb/train_dry/CuNi1_dryIMG_20230707_184954.jpg,CuNi1
../data/rgb/train_dry/CuNi3_dryIMG_20230711_222937.jpg,CuNi3
../data/rgb/train_dry/CuNi2_dryIMG_20230711_180341.jpg,CuNi2
../data/rgb/train_dry/CuNi3_dryIMG_20230602_212557.jpg,CuNi3
../data/rgb/train_dry/CuNi3_dryIMG_20230711_215049.jpg,CuNi3
../data/rgb/train_dry/CuNi2_dryIMG_20230711_182627.jpg,CuNi2
../data/rgb/train_dry/CuNi2_dryIMG_20230711_174434.jpg,CuNi2
../data/rgb/train_dry/CuNi1_dryIMG_20230707_191337.jpg,CuNi1
../data/rgb/train_dry/CuNi1_dryIMG_20230707_162054.jpg,CuNi1
../data/rgb/train_dry/CuNi1_dryIMG_20230707_184712.jpg,CuNi1
../data/rgb/train_dry/CuNi1_dryIMG_20230707_164036.jpg,CuNi1
../data/rgb/train_dry/CuNi1_dryIMG_20230707_191751.jpg,CuNi1
../data/rgb/train_dry/CuNi2_dryIMG_20230711_174517.jpg,CuNi2
../data/rgb/train_dry/CuNi1_dryIMG_20230707_173839.jpg,CuNi1
../data/rgb/train_dry/CuNi2_dryIMG_20230711_174339.jpg,CuNi2
../data/rgb/train_dry/CuNi3_dryIMG_20230601_151844.jpg,CuNi3
../data/rgb/train_dry/CuNi1_dryIMG_20230707_171050.jpg,CuNi1
../data/rgb/train_dry/CuNi2_dryIMG_20230711_182512.jpg,CuNi2
../data/rgb/train_dry/CuNi2_dryIMG_20230711_180531.jpg,CuNi2
../data/rgb/train_dry/CuNi1_dryIMG_20230707_170909.jpg,CuNi1
../data/rgb/train_dry/CuNi2_dryIMG_20230711_160835.jpg,CuNi2
../data/rgb/train_dry/CuNi2_dryIMG_20230711_182721.jpg,CuNi2
../data/rgb/train_dry/CuNi2_dryIMG_20230711_161207.jpg,CuNi2
../data/rgb/train_dry/CuNi1_dryIMG_20230707_191708.jpg,CuNi1
../data/rgb/train_dry/CuNi1_dryIMG_20230707_164137.jpg,CuNi1
../data/rgb/train_dry/CuNi3_dryIMG_20230602_221611.jpg,CuNi3
../data/rgb/train_dry/CuNi3_dryIMG_20230711_212144.jpg,CuNi3
../data/rgb/train_dry/CuNi1_dryIMG_20230707_164220.jpg,CuNi1
../data/rgb/train_dry/CuNi2_dryIMG_20230711_163645.jpg,CuNi2
../data/rgb/train_dry/CuNi1_dryIMG_20230707_174313.jpg,CuNi1
../data/rgb/train_dry/CuNi3_dryIMG_20230602_221506.jpg,CuNi3
../data/rgb/train_dry/CuNi3_dryIMG_20230711_211109.jpg,CuNi3
../data/rgb/train_dry/CuNi1_dryIMG_20230707_180542.jpg,CuNi1
../data/rgb/train_dry/CuNi3_dryIMG_20230601_152501.jpg,CuNi3
../data/rgb/train_dry/CuNi1_dryIMG_20230707_164227.jpg,CuNi1
../data/rgb/train_dry/CuNi1_dryIMG_20230707_185054.jpg,CuNi1
../data/rgb/train_dry/CuNi3_dryIMG_20230711_222912.jpg,CuNi3
../data/rgb/train_dry/CuNi3_dryIMG_20230711_214650.jpg,CuNi3
../data/rgb/train_dry/CuNi1_dryIMG_20230707_161853.jpg,CuNi1
../data/rgb/train_dry/CuNi1_dryIMG_20230707_162155.jpg,CuNi1
../data/rgb/train_dry/CuNi2_dryIMG_20230711_165942.jpg,CuNi2
../data/rgb/train_dry/CuNi1_dryIMG_20230707_170856.jpg,CuNi1
../data/rgb/train_dry/CuNi2_dryIMG_20230711_154912.jpg,CuNi2
../data/rgb/train_dry/CuNi2_dryIMG_20230711_165703.jpg,CuNi2
../data/rgb/train_dry/CuNi1_dryIMG_20230707_173702.jpg,CuNi1
../data/rgb/train_dry/CuNi3_dryIMG_20230711_223113.jpg,CuNi3
../data/rgb/train_dry/CuNi1_dryIMG_20230707_191701.jpg,CuNi1
../data/rgb/train_dry/CuNi2_dryIMG_20230711_182728.jpg,CuNi2
../data/rgb/train_dry/CuNi1_dryIMG_20230707_164229.jpg,CuNi1
../data/rgb/train_dry/CuNi1_dryIMG_20230707_164648.jpg,CuNi1
../data/rgb/train_dry/CuNi1_dryIMG_20230707_173628.jpg,CuNi1
../data/rgb/train_dry/CuNi1_dryIMG_20230707_185102.jpg,CuNi1
../data/rgb/train_dry/CuNi1_dryIMG_20230707_185215.jpg,CuNi1
../data/rgb/train_dry/CuNi3_dryIMG_20230711_211217.jpg,CuNi3
../data/rgb/train_dry/CuNi3_dryIMG_20230711_212302.jpg,CuNi3
../data/rgb/train_dry/CuNi1_dryIMG_20230707_174155.jpg,CuNi1
../data/rgb/train_dry/CuNi2_dryIMG_20230711_180544.jpg,CuNi2
../data/rgb/train_dry/CuNi3_dryIMG_20230711_210901.jpg,CuNi3
../data/rgb/train_dry/CuNi1_dryIMG_20230707_171059.jpg,CuNi1
../data/rgb/train_dry/CuNi1_dryIMG_20230707_170741.jpg,CuNi1
../data/rgb/train_dry/CuNi1_dryIMG_20230707_191244.jpg,CuNi1
../data/rgb/train_dry/CuNi2_dryIMG_20230711_180538.jpg,CuNi2
../data/rgb/train_dry/CuNi2_dryIMG_20230711_160847.jpg,CuNi2
../data/rgb/train_dry/CuNi3_dryIMG_20230601_152202.jpg,CuNi3
../data/rgb/train_dry/CuNi3_dryIMG_20230711_211442.jpg,CuNi3
../data/rgb/train_dry/CuNi3_dryIMG_20230711_214625.jpg,CuNi3
../data/rgb/train_dry/CuNi2_dryIMG_20230711_154726.jpg,CuNi2
../data/rgb/train_dry/CuNi1_dryIMG_20230707_191622.jpg,CuNi1
../data/rgb/train_dry/CuNi1_dryIMG_20230707_180703.jpg,CuNi1
../data/rgb/train_dry/CuNi3_dryIMG_20230602_221450.jpg,CuNi3
../data/rgb/train_dry/CuNi2_dryIMG_20230711_170043.jpg,CuNi2
../data/rgb/train_dry/CuNi3_dryIMG_20230602_212610.jpg,CuNi3
../data/rgb/train_dry/CuNi3_dryIMG_20230601_152326.jpg,CuNi3
../data/rgb/train_dry/CuNi3_dryIMG_20230711_215108.jpg,CuNi3
../data/rgb/train_dry/CuNi3_dryIMG_20230601_151826.jpg,CuNi3
../data/rgb/train_dry/CuNi3_dryIMG_20230711_212848.jpg,CuNi3
../data/rgb/train_dry/CuNi1_dryIMG_20230707_174328.jpg,CuNi1
../data/rgb/train_dry/CuNi3_dryIMG_20230711_212609.jpg,CuNi3
../data/rgb/train_dry/CuNi1_dryIMG_20230707_162326.jpg,CuNi1
../data/rgb/train_dry/CuNi3_dryIMG_20230711_214851.jpg,CuNi3
../data/rgb/train_dry/CuNi3_dryIMG_20230711_223153.jpg,CuNi3
../data/rgb/train_dry/CuNi1_dryIMG_20230707_164435.jpg,CuNi1
../data/rgb/train_dry/CuNi3_dryIMG_20230602_221313.jpg,CuNi3
../data/rgb/train_dry/CuNi3_dryIMG_20230602_211855.jpg,CuNi3
../data/rgb/train_dry/CuNi3_dryIMG_20230602_212153.jpg,CuNi3
../data/rgb/train_dry/CuNi2_dryIMG_20230711_182555.jpg,CuNi2
../data/rgb/train_dry/CuNi1_dryIMG_20230707_185130.jpg,CuNi1
../data/rgb/train_dry/CuNi2_dryIMG_20230711_165821.jpg,CuNi2
../data/rgb/train_dry/CuNi1_dryIMG_20230707_174038.jpg,CuNi1
../data/rgb/train_dry/CuNi2_dryIMG_20230711_165744.jpg,CuNi2
../data/rgb/train_dry/CuNi2_dryIMG_20230711_170129.jpg,CuNi2
../data/rgb/train_dry/CuNi1_dryIMG_20230707_191734.jpg,CuNi1
../data/rgb/train_dry/CuNi1_dryIMG_20230707_164432.jpg,CuNi1
../data/rgb/train_dry/CuNi2_dryIMG_20230711_163436.jpg,CuNi2
../data/rgb/train_dry/CuNi1_dryIMG_20230707_174044.jpg,CuNi1
../data/rgb/train_dry/CuNi2_dryIMG_20230711_165738.jpg,CuNi2
../data/rgb/train_dry/CuNi2_dryIMG_20230711_180455.jpg,CuNi2
../data/rgb/train_dry/CuNi2_dryIMG_20230711_154929.jpg,CuNi2
../data/rgb/train_dry/CuNi2_dryIMG_20230711_180351.jpg,CuNi2
../data/rgb/train_dry/CuNi2_dryIMG_20230711_161122.jpg,CuNi2
../data/rgb/train_dry/CuNi3_dryIMG_20230711_223002.jpg,CuNi3
../data/rgb/train_dry/CuNi1_dryIMG_20230707_171251.jpg,CuNi1
../data/rgb/train_dry/CuNi3_dryIMG_20230602_222118.jpg,CuNi3
../data/rgb/train_dry/CuNi2_dryIMG_20230711_154223.jpg,CuNi2
../data/rgb/train_dry/CuNi3_dryIMG_20230711_215101.jpg,CuNi3
../data/rgb/train_dry/CuNi1_dryIMG_20230707_180743.jpg,CuNi1
../data/rgb/train_dry/CuNi1_dryIMG_20230707_162425.jpg,CuNi1
../data/rgb/train_dry/CuNi2_dryIMG_20230711_174352.jpg,CuNi2
../data/rgb/train_dry/CuNi2_dryIMG_20230711_154642.jpg,CuNi2
../data/rgb/train_dry/CuNi1_dryIMG_20230707_184938.jpg,CuNi1
../data/rgb/train_dry/CuNi3_dryIMG_20230711_212433.jpg,CuNi3
../data/rgb/train_dry/CuNi3_dryIMG_20230711_212841.jpg,CuNi3
../data/rgb/train_dry/CuNi2_dryIMG_20230711_163332.jpg,CuNi2
../data/rgb/train_dry/CuNi2_dryIMG_20230711_161006.jpg,CuNi2
../data/rgb/train_dry/CuNi1_dryIMG_20230707_162043.jpg,CuNi1
../data/rgb/train_dry/CuNi1_dryIMG_20230707_170625.jpg,CuNi1
../data/rgb/train_dry/CuNi2_dryIMG_20230711_174355.jpg,CuNi2
../data/rgb/train_dry/CuNi2_dryIMG_20230711_154133.jpg,CuNi2
../data/rgb/train_dry/CuNi3_dryIMG_20230711_214823.jpg,CuNi3
../data/rgb/train_dry/CuNi1_dryIMG_20230707_191619.jpg,CuNi1
../data/rgb/train_dry/CuNi3_dryIMG_20230602_212540.jpg,CuNi3
../data/rgb/train_dry/CuNi1_dryIMG_20230707_174202.jpg,CuNi1
../data/rgb/train_dry/CuNi3_dryIMG_20230711_212055.jpg,CuNi3
../data/rgb/train_dry/CuNi2_dryIMG_20230711_180356.jpg,CuNi2
../data/rgb/train_dry/CuNi1_dryIMG_20230707_180738.jpg,CuNi1
../data/rgb/train_dry/CuNi3_dryIMG_20230601_152245.jpg,CuNi3
../data/rgb/train_dry/CuNi2_dryIMG_20230711_182714.jpg,CuNi2
../data/rgb/train_dry/CuNi3_dryIMG_20230711_214907.jpg,CuNi3
../data/rgb/train_dry/CuNi2_dryIMG_20230711_163349.jpg,CuNi2
../data/rgb/train_dry/CuNi2_dryIMG_20230711_163324.jpg,CuNi2
../data/rgb/train_dry/CuNi3_dryIMG_20230711_212857.jpg,CuNi3
../data/rgb/train_dry/CuNi1_dryIMG_20230707_170809.jpg,CuNi1
../data/rgb/train_dry/CuNi1_dryIMG_20230707_180755.jpg,CuNi1
../data/rgb/train_dry/CuNi3_dryIMG_20230711_215033.jpg,CuNi3
../data/rgb/train_dry/CuNi2_dryIMG_20230711_154815.jpg,CuNi2
../data/rgb/train_dry/CuNi1_dryIMG_20230707_180729.jpg,CuNi1
../data/rgb/train_dry/CuNi3_dryIMG_20230711_210635.jpg,CuNi3
../data/rgb/train_dry/CuNi1_dryIMG_20230707_171008.jpg,CuNi1
../data/rgb/train_dry/CuNi3_dryIMG_20230602_212014.jpg,CuNi3
../data/rgb/train_dry/CuNi1_dryIMG_20230707_162448.jpg,CuNi1
../data/rgb/train_dry/CuNi3_dryIMG_20230711_212422.jpg,CuNi3
../data/rgb/train_dry/CuNi2_dryIMG_20230711_180512.jpg,CuNi2
../data/rgb/train_dry/CuNi2_dryIMG_20230711_154125.jpg,CuNi2
../data/rgb/train_dry/CuNi1_dryIMG_20230707_170956.jpg,CuNi1
../data/rgb/train_dry/CuNi1_dryIMG_20230707_173843.jpg,CuNi1
../data/rgb/train_dry/CuNi3_dryIMG_20230711_212908.jpg,CuNi3
../data/rgb/train_dry/CuNi1_dryIMG_20230707_191832.jpg,CuNi1
../data/rgb/train_dry/CuNi1_dryIMG_20230707_185126.jpg,CuNi1
../data/rgb/train_dry/CuNi2_dryIMG_20230711_180216.jpg,CuNi2
../data/rgb/train_dry/CuNi1_dryIMG_20230707_164423.jpg,CuNi1
../data/rgb/train_dry/CuNi1_dryIMG_20230707_180845.jpg,CuNi1
../data/rgb/train_dry/CuNi1_dryIMG_20230707_170556.jpg,CuNi1
../data/rgb/train_dry/CuNi1_dryIMG_20230707_184529.jpg,CuNi1
../data/rgb/train_dry/CuNi1_dryIMG_20230707_191725.jpg,CuNi1
../data/rgb/train_dry/CuNi2_dryIMG_20230711_161019.jpg,CuNi2
../data/rgb/train_dry/CuNi1_dryIMG_20230707_171125.jpg,CuNi1
../data/rgb/train_dry/CuNi3_dryIMG_20230602_212139.jpg,CuNi3
../data/rgb/train_dry/CuNi3_dryIMG_20230711_210640.jpg,CuNi3
../data/rgb/train_dry/CuNi2_dryIMG_20230711_165913.jpg,CuNi2
../data/rgb/train_dry/CuNi2_dryIMG_20230711_154702.jpg,CuNi2
../data/rgb/train_dry/CuNi1_dryIMG_20230707_162213.jpg,CuNi1
../data/rgb/train_dry/CuNi2_dryIMG_20230711_161309.jpg,CuNi2
../data/rgb/train_dry/CuNi2_dryIMG_20230711_154415.jpg,CuNi2
../data/rgb/train_dry/CuNi3_dryIMG_20230601_152226.jpg,CuNi3
../data/rgb/train_dry/CuNi3_dryIMG_20230602_221226.jpg,CuNi3
../data/rgb/train_dry/CuNi3_dryIMG_20230711_222415.jpg,CuNi3
../data/rgb/train_dry/CuNi3_dryIMG_20230602_222100.jpg,CuNi3
../data/rgb/train_dry/CuNi3_dryIMG_20230711_212321.jpg,CuNi3
../data/rgb/train_dry/CuNi1_dryIMG_20230707_171311.jpg,CuNi1
../data/rgb/train_dry/CuNi1_dryIMG_20230707_170551.jpg,CuNi1
../data/rgb/train_dry/CuNi1_dryIMG_20230707_180842.jpg,CuNi1
../data/rgb/train_dry/CuNi1_dryIMG_20230707_191847.jpg,CuNi1
../data/rgb/train_dry/CuNi2_dryIMG_20230711_154420.jpg,CuNi2
../data/rgb/train_dry/CuNi3_dryIMG_20230711_212934.jpg,CuNi3
../data/rgb/train_dry/CuNi1_dryIMG_20230707_164622.jpg,CuNi1
../data/rgb/train_dry/CuNi1_dryIMG_20230707_164535.jpg,CuNi1
../data/rgb/train_dry/CuNi1_dryIMG_20230707_173529.jpg,CuNi1
../data/rgb/train_dry/CuNi2_dryIMG_20230711_180552.jpg,CuNi2
../data/rgb/train_dry/CuNi2_dryIMG_20230711_163702.jpg,CuNi2
../data/rgb/train_dry/CuNi1_dryIMG_20230707_164706.jpg,CuNi1
../data/rgb/train_dry/CuNi3_dryIMG_20230711_215247.jpg,CuNi3
../data/rgb/train_dry/CuNi1_dryIMG_20230707_170916.jpg,CuNi1
../data/rgb/train_dry/CuNi2_dryIMG_20230711_180555.jpg,CuNi2
../data/rgb/train_dry/CuNi1_dryIMG_20230707_174253.jpg,CuNi1
../data/rgb/train_dry/CuNi2_dryIMG_20230711_154614.jpg,CuNi2
../data/rgb/train_dry/CuNi1_dryIMG_20230707_191407.jpg,CuNi1
../data/rgb/train_dry/CuNi2_dryIMG_20230711_154046.jpg,CuNi2
../data/rgb/train_dry/CuNi1_dryIMG_20230707_162136.jpg,CuNi1
../data/rgb/train_dry/CuNi2_dryIMG_20230711_182820.jpg,CuNi2
../data/rgb/train_dry/CuNi3_dryIMG_20230602_220743.jpg,CuNi3
../data/rgb/train_dry/CuNi3_dryIMG_20230711_211208.jpg,CuNi3
../data/rgb/train_dry/CuNi1_dryIMG_20230707_173520.jpg,CuNi1
../data/rgb/train_dry/CuNi1_dryIMG_20230707_164418.jpg,CuNi1
../data/rgb/train_dry/CuNi2_dryIMG_20230711_174633.jpg,CuNi2
../data/rgb/train_dry/CuNi1_dryIMG_20230707_174305.jpg,CuNi1
../data/rgb/train_dry/CuNi3_dryIMG_20230711_212533.jpg,CuNi3
../data/rgb/train_dry/CuNi2_dryIMG_20230711_161211.jpg,CuNi2
../data/rgb/train_dry/CuNi3_dryIMG_20230711_214958.jpg,CuNi3
../data/rgb/train_dry/CuNi1_dryIMG_20230707_184844.jpg,CuNi1
../data/rgb/train_dry/CuNi1_dryIMG_20230707_180528.jpg,CuNi1
../data/rgb/train_dry/CuNi2_dryIMG_20230711_180251.jpg,CuNi2
../data/rgb/train_dry/CuNi2_dryIMG_20230711_163316.jpg,CuNi2
../data/rgb/train_dry/CuNi2_dryIMG_20230711_154110.jpg,CuNi2
../data/rgb/train_dry/CuNi1_dryIMG_20230707_174226.jpg,CuNi1
../data/rgb/train_dry/CuNi3_dryIMG_20230711_222452.jpg,CuNi3
../data/rgb/train_dry/CuNi2_dryIMG_20230711_182829.jpg,CuNi2
../data/rgb/train_dry/CuNi2_dryIMG_20230711_160858.jpg,CuNi2
../data/rgb/train_dry/CuNi3_dryIMG_20230711_214807.jpg,CuNi3
../data/rgb/train_dry/CuNi1_dryIMG_20230707_191304.jpg,CuNi1
../data/rgb/train_dry/CuNi1_dryIMG_20230707_173955.jpg,CuNi1
../data/rgb/train_dry/CuNi2_dryIMG_20230711_154033.jpg,CuNi2
../data/rgb/train_dry/CuNi2_dryIMG_20230711_174523.jpg,CuNi2
../data/rgb/train_dry/CuNi2_dryIMG_20230711_154745.jpg,CuNi2
../data/rgb/train_dry/CuNi1_dryIMG_20230707_164231.jpg,CuNi1
../data/rgb/train_dry/CuNi1_dryIMG_20230707_164650.jpg,CuNi1
../data/rgb/train_dry/CuNi3_dryIMG_20230602_211927.jpg,CuNi3
../data/rgb/train_dry/CuNi3_dryIMG_20230711_211736.jpg,CuNi3
