../data/rgb/classification/original/CuNi1/Humeda/IMG_20230628_092325.jpg,CuNi1
../data/rgb/classification/original/CuNi1/Humeda/IMG_20230628_092331.jpg,CuNi1
../data/rgb/classification/original/CuNi1/Humeda/IMG_20230628_092345.jpg,CuNi1
../data/rgb/classification/original/CuNi1/Humeda/IMG_20230628_092354.jpg,CuNi1
../data/rgb/classification/original/CuNi1/Humeda/IMG_20230628_092403.jpg,CuNi1
../data/rgb/classification/original/CuNi1/Humeda/IMG_20230628_092414.jpg,CuNi1
../data/rgb/classification/original/CuNi1/Humeda/IMG_20230628_092425.jpg,CuNi1
../data/rgb/classification/original/CuNi1/Humeda/IMG_20230628_092455.jpg,CuNi1
../data/rgb/classification/original/CuNi1/Humeda/IMG_20230628_092504.jpg,CuNi1
../data/rgb/classification/original/CuNi1/Humeda/IMG_20230628_092513.jpg,CuNi1
../data/rgb/classification/original/CuNi1/Humeda/IMG_20230628_092520.jpg,CuNi1
../data/rgb/classification/original/CuNi1/Humeda/IMG_20230628_092528.jpg,CuNi1
../data/rgb/classification/original/CuNi1/Humeda/IMG_20230628_092537.jpg,CuNi1
../data/rgb/classification/original/CuNi1/Humeda/IMG_20230628_092548.jpg,CuNi1
../data/rgb/classification/original/CuNi1/Humeda/IMG_20230628_092619.jpg,CuNi1
../data/rgb/classification/original/CuNi1/Humeda/IMG_20230628_092630.jpg,CuNi1
../data/rgb/classification/original/CuNi1/Humeda/IMG_20230628_092640.jpg,CuNi1
../data/rgb/classification/original/CuNi1/Humeda/IMG_20230628_092654.jpg,CuNi1
../data/rgb/classification/original/CuNi1/Humeda/IMG_20230628_092713.jpg,CuNi1
../data/rgb/classification/original/CuNi1/Humeda/IMG_20230628_092728.jpg,CuNi1
../data/rgb/classification/original/CuNi1/Humeda/IMG_20230628_092738.jpg,CuNi1
../data/rgb/classification/original/CuNi1/Humeda/IMG_20230628_092746.jpg,CuNi1
../data/rgb/classification/original/CuNi1/Humeda/IMG_20230628_092802.jpg,CuNi1
../data/rgb/classification/original/CuNi1/Humeda/IMG_20230628_092809.jpg,CuNi1
../data/rgb/classification/original/CuNi1/Humeda/IMG_20230628_092813.jpg,CuNi1
../data/rgb/classification/original/CuNi1/Humeda/IMG_20230628_092829.jpg,CuNi1
../data/rgb/classification/original/CuNi1/Humeda/IMG_20230628_092838.jpg,CuNi1
../data/rgb/classification/original/CuNi1/Humeda/IMG_20230628_092848.jpg,CuNi1
../data/rgb/classification/original/CuNi1/Humeda/IMG_20230628_092856.jpg,CuNi1
../data/rgb/classification/original/CuNi1/Humeda/IMG_20230628_092903.jpg,CuNi1
../data/rgb/classification/original/CuNi1/Humeda/IMG_20230628_092910.jpg,CuNi1
../data/rgb/classification/original/CuNi1/Humeda/IMG_20230628_092935.jpg,CuNi1
../data/rgb/classification/original/CuNi1/Humeda/IMG_20230628_092944.jpg,CuNi1
../data/rgb/classification/original/CuNi1/Humeda/IMG_20230628_093005.jpg,CuNi1
../data/rgb/classification/original/CuNi1/Humeda/IMG_20230628_093013.jpg,CuNi1
../data/rgb/classification/original/CuNi1/Humeda/IMG_20230628_093022.jpg,CuNi1
../data/rgb/classification/original/CuNi1/Humeda/IMG_20230628_093032.jpg,CuNi1
../data/rgb/classification/original/CuNi1/Humeda/IMG_20230628_093042.jpg,CuNi1
../data/rgb/classification/original/CuNi1/Humeda/IMG_20230628_093052.jpg,CuNi1
../data/rgb/classification/original/CuNi1/Humeda/IMG_20230628_095740.jpg,CuNi1
../data/rgb/classification/original/CuNi1/Humeda/IMG_20230628_095751.jpg,CuNi1
../data/rgb/classification/original/CuNi1/Humeda/IMG_20230628_095801.jpg,CuNi1
../data/rgb/classification/original/CuNi1/Humeda/IMG_20230628_095811.jpg,CuNi1
../data/rgb/classification/original/CuNi1/Humeda/IMG_20230628_095823.jpg,CuNi1
../data/rgb/classification/original/CuNi1/Humeda/IMG_20230628_095833.jpg,CuNi1
../data/rgb/classification/original/CuNi1/Humeda/IMG_20230628_095842.jpg,CuNi1
../data/rgb/classification/original/CuNi1/Humeda/IMG_20230628_095852.jpg,CuNi1
../data/rgb/classification/original/CuNi1/Humeda/IMG_20230628_095909.jpg,CuNi1
../data/rgb/classification/original/CuNi1/Humeda/IMG_20230628_095919.jpg,CuNi1
../data/rgb/classification/original/CuNi1/Humeda/IMG_20230628_095928.jpg,CuNi1
../data/rgb/classification/original/CuNi1/Humeda/IMG_20230628_095939.jpg,CuNi1
../data/rgb/classification/original/CuNi1/Humeda/IMG_20230628_095949.jpg,CuNi1
../data/rgb/classification/original/CuNi1/Humeda/IMG_20230628_100000.jpg,CuNi1
../data/rgb/classification/original/CuNi1/Humeda/IMG_20230628_100015.jpg,CuNi1
../data/rgb/classification/original/CuNi1/Humeda/IMG_20230628_100018.jpg,CuNi1
../data/rgb/classification/original/CuNi1/Humeda/IMG_20230628_100045.jpg,CuNi1
../data/rgb/classification/original/CuNi1/Humeda/IMG_20230628_100054.jpg,CuNi1
../data/rgb/classification/original/CuNi1/Humeda/IMG_20230628_100108.jpg,CuNi1
../data/rgb/classification/original/CuNi1/Humeda/IMG_20230628_100125.jpg,CuNi1
../data/rgb/classification/original/CuNi1/Humeda/IMG_20230628_100141.jpg,CuNi1
../data/rgb/classification/original/CuNi1/Humeda/IMG_20230628_100154.jpg,CuNi1
../data/rgb/classification/original/CuNi1/Humeda/IMG_20230628_100204.jpg,CuNi1
../data/rgb/classification/original/CuNi1/Humeda/IMG_20230628_100215.jpg,CuNi1
../data/rgb/classification/original/CuNi1/Humeda/IMG_20230628_100232.jpg,CuNi1
../data/rgb/classification/original/CuNi1/Humeda/IMG_20230628_100247.jpg,CuNi1
../data/rgb/classification/original/CuNi1/Humeda/IMG_20230628_100300.jpg,CuNi1
../data/rgb/classification/original/CuNi1/Humeda/IMG_20230628_100309.jpg,CuNi1
../data/rgb/classification/original/CuNi1/Humeda/IMG_20230628_100320.jpg,CuNi1
../data/rgb/classification/original/CuNi1/Humeda/IMG_20230628_100331.jpg,CuNi1
../data/rgb/classification/original/CuNi1/Humeda/IMG_20230628_100341.jpg,CuNi1
../data/rgb/classification/original/CuNi1/Humeda/IMG_20230628_100353.jpg,CuNi1
../data/rgb/classification/original/CuNi1/Humeda/IMG_20230628_101900.jpg,CuNi1
../data/rgb/classification/original/CuNi1/Humeda/IMG_20230628_101909.jpg,CuNi1
../data/rgb/classification/original/CuNi1/Humeda/IMG_20230628_101918.jpg,CuNi1
../data/rgb/classification/original/CuNi1/Humeda/IMG_20230628_101926.jpg,CuNi1
../data/rgb/classification/original/CuNi1/Humeda/IMG_20230628_101937.jpg,CuNi1
../data/rgb/classification/original/CuNi1/Humeda/IMG_20230628_101949.jpg,CuNi1
../data/rgb/classification/original/CuNi1/Humeda/IMG_20230628_101951.jpg,CuNi1
../data/rgb/classification/original/CuNi1/Humeda/IMG_20230628_101959.jpg,CuNi1
../data/rgb/classification/original/CuNi1/Humeda/IMG_20230628_102007.jpg,CuNi1
../data/rgb/classification/original/CuNi1/Humeda/IMG_20230628_102025.jpg,CuNi1
../data/rgb/classification/original/CuNi1/Humeda/IMG_20230628_102033.jpg,CuNi1
../data/rgb/classification/original/CuNi1/Humeda/IMG_20230628_102045.jpg,CuNi1
../data/rgb/classification/original/CuNi1/Humeda/IMG_20230628_102055.jpg,CuNi1
../data/rgb/classification/original/CuNi1/Humeda/IMG_20230628_102105.jpg,CuNi1
../data/rgb/classification/original/CuNi1/Humeda/IMG_20230628_102119.jpg,CuNi1
../data/rgb/classification/original/CuNi1/Humeda/IMG_20230628_102130.jpg,CuNi1
../data/rgb/classification/original/CuNi1/Humeda/IMG_20230628_102144.jpg,CuNi1
../data/rgb/classification/original/CuNi1/Humeda/IMG_20230628_102205.jpg,CuNi1
../data/rgb/classification/original/CuNi1/Humeda/IMG_20230628_102214.jpg,CuNi1
../data/rgb/classification/original/CuNi1/Humeda/IMG_20230628_102224.jpg,CuNi1
../data/rgb/classification/original/CuNi1/Humeda/IMG_20230628_102233.jpg,CuNi1
../data/rgb/classification/original/CuNi1/Humeda/IMG_20230628_102242.jpg,CuNi1
../data/rgb/classification/original/CuNi1/Humeda/IMG_20230628_102254.jpg,CuNi1
../data/rgb/classification/original/CuNi1/Humeda/IMG_20230628_102306.jpg,CuNi1
../data/rgb/classification/original/CuNi1/Humeda/IMG_20230628_102319.jpg,CuNi1
../data/rgb/classification/original/CuNi1/Humeda/IMG_20230628_102334.jpg,CuNi1
../data/rgb/classification/original/CuNi1/Humeda/IMG_20230628_102344.jpg,CuNi1
../data/rgb/classification/original/CuNi1/Humeda/IMG_20230628_102357.jpg,CuNi1
../data/rgb/classification/original/CuNi1/Humeda/IMG_20230628_102359.jpg,CuNi1
../data/rgb/classification/original/CuNi1/Humeda/IMG_20230628_102409.jpg,CuNi1
../data/rgb/classification/original/CuNi1/Humeda/IMG_20230628_102421.jpg,CuNi1
../data/rgb/classification/original/CuNi1/Humeda/IMG_20230628_102432.jpg,CuNi1
../data/rgb/classification/original/CuNi1/Humeda/IMG_20230628_102445.jpg,CuNi1
../data/rgb/classification/original/CuNi1/Humeda/IMG_20230628_102459.jpg,CuNi1
../data/rgb/classification/original/CuNi1/Humeda/IMG_20230628_102534.jpg,CuNi1
../data/rgb/classification/original/CuNi1/Humeda/IMG_20230628_102544.jpg,CuNi1
../data/rgb/classification/original/CuNi1/Humeda/IMG_20230628_102554.jpg,CuNi1
../data/rgb/classification/original/CuNi1/Humeda/IMG_20230628_102603.jpg,CuNi1
../data/rgb/classification/original/CuNi1/Humeda/IMG_20230628_102612.jpg,CuNi1
../data/rgb/classification/original/CuNi1/Humeda/IMG_20230628_102623.jpg,CuNi1
../data/rgb/classification/original/CuNi1/Humeda/IMG_20230704_102642.jpg,CuNi1
../data/rgb/classification/original/CuNi1/Humeda/IMG_20230704_102652.jpg,CuNi1
../data/rgb/classification/original/CuNi1/Humeda/IMG_20230704_102702.jpg,CuNi1
../data/rgb/classification/original/CuNi1/Humeda/IMG_20230704_102711.jpg,CuNi1
../data/rgb/classification/original/CuNi1/Humeda/IMG_20230704_102714.jpg,CuNi1
../data/rgb/classification/original/CuNi1/Humeda/IMG_20230704_102717.jpg,CuNi1
../data/rgb/classification/original/CuNi1/Humeda/IMG_20230704_102725.jpg,CuNi1
../data/rgb/classification/original/CuNi1/Humeda/IMG_20230704_102737.jpg,CuNi1
../data/rgb/classification/original/CuNi1/Humeda/IMG_20230704_102817.jpg,CuNi1
../data/rgb/classification/original/CuNi1/Humeda/IMG_20230704_102832.jpg,CuNi1
../data/rgb/classification/original/CuNi1/Humeda/IMG_20230704_102846.jpg,CuNi1
../data/rgb/classification/original/CuNi1/Humeda/IMG_20230704_102850.jpg,CuNi1
../data/rgb/classification/original/CuNi1/Humeda/IMG_20230704_102853.jpg,CuNi1
../data/rgb/classification/original/CuNi1/Humeda/IMG_20230704_102855.jpg,CuNi1
../data/rgb/classification/original/CuNi1/Humeda/IMG_20230704_102858.jpg,CuNi1
../data/rgb/classification/original/CuNi1/Humeda/IMG_20230704_102902.jpg,CuNi1
../data/rgb/classification/original/CuNi1/Humeda/IMG_20230704_102906.jpg,CuNi1
../data/rgb/classification/original/CuNi1/Humeda/IMG_20230704_102910.jpg,CuNi1
../data/rgb/classification/original/CuNi1/Humeda/IMG_20230704_102944.jpg,CuNi1
../data/rgb/classification/original/CuNi1/Humeda/IMG_20230704_102951.jpg,CuNi1
../data/rgb/classification/original/CuNi1/Humeda/IMG_20230704_102956.jpg,CuNi1
../data/rgb/classification/original/CuNi1/Humeda/IMG_20230704_102959.jpg,CuNi1
../data/rgb/classification/original/CuNi1/Humeda/IMG_20230704_103001.jpg,CuNi1
../data/rgb/classification/original/CuNi1/Humeda/IMG_20230704_103004.jpg,CuNi1
../data/rgb/classification/original/CuNi1/Humeda/IMG_20230704_103007.jpg,CuNi1
../data/rgb/classification/original/CuNi1/Humeda/IMG_20230704_103017.jpg,CuNi1
../data/rgb/classification/original/CuNi1/Humeda/IMG_20230704_103053.jpg,CuNi1
../data/rgb/classification/original/CuNi1/Humeda/IMG_20230704_103058.jpg,CuNi1
../data/rgb/classification/original/CuNi1/Humeda/IMG_20230704_103102.jpg,CuNi1
../data/rgb/classification/original/CuNi1/Humeda/IMG_20230704_103104.jpg,CuNi1
../data/rgb/classification/original/CuNi1/Humeda/IMG_20230704_103107.jpg,CuNi1
../data/rgb/classification/original/CuNi1/Humeda/IMG_20230704_103109.jpg,CuNi1
../data/rgb/classification/original/CuNi1/Humeda/IMG_20230704_103110.jpg,CuNi1
../data/rgb/classification/original/CuNi1/Humeda/IMG_20230704_103113.jpg,CuNi1
../data/rgb/classification/original/CuNi1/Humeda/IMG_20230704_103115.jpg,CuNi1
../data/rgb/classification/original/CuNi1/Humeda/IMG_20230704_103117.jpg,CuNi1
../data/rgb/classification/original/CuNi1/Humeda/IMG_20230704_103124.jpg,CuNi1
../data/rgb/classification/original/CuNi1/Humeda/IMG_20230704_103209.jpg,CuNi1
../data/rgb/classification/original/CuNi1/Humeda/IMG_20230704_103212.jpg,CuNi1
../data/rgb/classification/original/CuNi1/Humeda/IMG_20230704_103214.jpg,CuNi1
../data/rgb/classification/original/CuNi1/Humeda/IMG_20230704_103219.jpg,CuNi1
../data/rgb/classification/original/CuNi1/Humeda/IMG_20230704_103223.jpg,CuNi1
../data/rgb/classification/original/CuNi1/Humeda/IMG_20230704_103227.jpg,CuNi1
../data/rgb/classification/original/CuNi1/Humeda/IMG_20230704_103229.jpg,CuNi1
../data/rgb/classification/original/CuNi1/Humeda/IMG_20230704_103236.jpg,CuNi1
../data/rgb/classification/original/CuNi1/Humeda/IMG_20230704_103240.jpg,CuNi1
../data/rgb/classification/original/CuNi1/Humeda/IMG_20230704_104809.jpg,CuNi1
../data/rgb/classification/original/CuNi1/Humeda/IMG_20230704_104821.jpg,CuNi1
../data/rgb/classification/original/CuNi1/Humeda/IMG_20230704_104827.jpg,CuNi1
../data/rgb/classification/original/CuNi1/Humeda/IMG_20230704_104831.jpg,CuNi1
../data/rgb/classification/original/CuNi1/Humeda/IMG_20230704_104834.jpg,CuNi1
../data/rgb/classification/original/CuNi1/Humeda/IMG_20230704_104839.jpg,CuNi1
../data/rgb/classification/original/CuNi1/Humeda/IMG_20230704_104844.jpg,CuNi1
../data/rgb/classification/original/CuNi1/Humeda/IMG_20230704_104848.jpg,CuNi1
../data/rgb/classification/original/CuNi1/Humeda/IMG_20230704_104859.jpg,CuNi1
../data/rgb/classification/original/CuNi1/Humeda/IMG_20230704_104937.jpg,CuNi1
../data/rgb/classification/original/CuNi1/Humeda/IMG_20230704_104949.jpg,CuNi1
../data/rgb/classification/original/CuNi1/Humeda/IMG_20230704_105001.jpg,CuNi1
../data/rgb/classification/original/CuNi1/Humeda/IMG_20230704_105004.jpg,CuNi1
../data/rgb/classification/original/CuNi1/Humeda/IMG_20230704_105007.jpg,CuNi1
../data/rgb/classification/original/CuNi1/Humeda/IMG_20230704_105015.jpg,CuNi1
../data/rgb/classification/original/CuNi1/Humeda/IMG_20230704_105019.jpg,CuNi1
../data/rgb/classification/original/CuNi1/Humeda/IMG_20230704_105024.jpg,CuNi1
../data/rgb/classification/original/CuNi1/Humeda/IMG_20230704_105102.jpg,CuNi1
../data/rgb/classification/original/CuNi1/Humeda/IMG_20230704_105112.jpg,CuNi1
../data/rgb/classification/original/CuNi1/Humeda/IMG_20230704_105119.jpg,CuNi1
../data/rgb/classification/original/CuNi1/Humeda/IMG_20230704_105128.jpg,CuNi1
../data/rgb/classification/original/CuNi1/Humeda/IMG_20230704_105135.jpg,CuNi1
../data/rgb/classification/original/CuNi1/Humeda/IMG_20230704_105142.jpg,CuNi1
../data/rgb/classification/original/CuNi1/Humeda/IMG_20230704_105153.jpg,CuNi1
../data/rgb/classification/original/CuNi1/Humeda/IMG_20230704_105203.jpg,CuNi1
../data/rgb/classification/original/CuNi1/Humeda/IMG_20230704_105219.jpg,CuNi1
../data/rgb/classification/original/CuNi1/Humeda/IMG_20230704_105251.jpg,CuNi1
../data/rgb/classification/original/CuNi1/Humeda/IMG_20230704_105304.jpg,CuNi1
../data/rgb/classification/original/CuNi1/Humeda/IMG_20230704_105320.jpg,CuNi1
../data/rgb/classification/original/CuNi1/Humeda/IMG_20230704_105332.jpg,CuNi1
../data/rgb/classification/original/CuNi1/Humeda/IMG_20230704_105350.jpg,CuNi1
../data/rgb/classification/original/CuNi1/Humeda/IMG_20230704_105402.jpg,CuNi1
../data/rgb/classification/original/CuNi1/Humeda/IMG_20230704_105412.jpg,CuNi1
../data/rgb/classification/original/CuNi1/Humeda/IMG_20230704_105415.jpg,CuNi1
../data/rgb/classification/original/CuNi1/Humeda/IMG_20230704_105418.jpg,CuNi1
../data/rgb/classification/original/CuNi1/Humeda/IMG_20230704_105427.jpg,CuNi1
../data/rgb/classification/original/CuNi1/Humeda/IMG_20230704_111856.jpg,CuNi1
../data/rgb/classification/original/CuNi1/Humeda/IMG_20230704_111904.jpg,CuNi1
../data/rgb/classification/original/CuNi1/Humeda/IMG_20230704_111915.jpg,CuNi1
../data/rgb/classification/original/CuNi1/Humeda/IMG_20230704_111928.jpg,CuNi1
../data/rgb/classification/original/CuNi1/Humeda/IMG_20230704_111935.jpg,CuNi1
../data/rgb/classification/original/CuNi1/Humeda/IMG_20230704_111939.jpg,CuNi1
../data/rgb/classification/original/CuNi1/Humeda/IMG_20230704_111945.jpg,CuNi1
../data/rgb/classification/original/CuNi1/Humeda/IMG_20230704_111953.jpg,CuNi1
../data/rgb/classification/original/CuNi1/Humeda/IMG_20230704_112006.jpg,CuNi1
../data/rgb/classification/original/CuNi1/Humeda/IMG_20230704_112008.jpg,CuNi1
../data/rgb/classification/original/CuNi1/Humeda/IMG_20230704_112011.jpg,CuNi1
../data/rgb/classification/original/CuNi1/Humeda/IMG_20230704_112015.jpg,CuNi1
../data/rgb/classification/original/CuNi1/Humeda/IMG_20230704_112053.jpg,CuNi1
../data/rgb/classification/original/CuNi1/Humeda/IMG_20230704_112105.jpg,CuNi1
../data/rgb/classification/original/CuNi1/Humeda/IMG_20230704_112115.jpg,CuNi1
../data/rgb/classification/original/CuNi1/Humeda/IMG_20230704_112119.jpg,CuNi1
../data/rgb/classification/original/CuNi1/Humeda/IMG_20230704_112124.jpg,CuNi1
../data/rgb/classification/original/CuNi1/Humeda/IMG_20230704_112134.jpg,CuNi1
../data/rgb/classification/original/CuNi1/Humeda/IMG_20230704_112144.jpg,CuNi1
../data/rgb/classification/original/CuNi1/Humeda/IMG_20230704_112150.jpg,CuNi1
../data/rgb/classification/original/CuNi1/Humeda/IMG_20230704_112202.jpg,CuNi1
../data/rgb/classification/original/CuNi1/Humeda/IMG_20230704_112235.jpg,CuNi1
../data/rgb/classification/original/CuNi1/Humeda/IMG_20230704_112256.jpg,CuNi1
../data/rgb/classification/original/CuNi1/Humeda/IMG_20230704_112305.jpg,CuNi1
../data/rgb/classification/original/CuNi1/Humeda/IMG_20230704_112314.jpg,CuNi1
../data/rgb/classification/original/CuNi1/Humeda/IMG_20230704_112323.jpg,CuNi1
../data/rgb/classification/original/CuNi1/Humeda/IMG_20230704_112333.jpg,CuNi1
../data/rgb/classification/original/CuNi1/Humeda/IMG_20230704_112342.jpg,CuNi1
../data/rgb/classification/original/CuNi1/Humeda/IMG_20230704_112353.jpg,CuNi1
../data/rgb/classification/original/CuNi1/Humeda/IMG_20230704_112432.jpg,CuNi1
../data/rgb/classification/original/CuNi1/Humeda/IMG_20230704_112437.jpg,CuNi1
../data/rgb/classification/original/CuNi1/Humeda/IMG_20230704_112450.jpg,CuNi1
../data/rgb/classification/original/CuNi1/Humeda/IMG_20230704_112505.jpg,CuNi1
../data/rgb/classification/original/CuNi1/Humeda/IMG_20230704_112514.jpg,CuNi1
../data/rgb/classification/original/CuNi1/Humeda/IMG_20230704_112522.jpg,CuNi1
../data/rgb/classification/original/CuNi1/Humeda/IMG_20230704_112528.jpg,CuNi1
../data/rgb/classification/original/CuNi1/Humeda/IMG_20230704_112533.jpg,CuNi1
../data/rgb/classification/original/CuNi1/Humeda/IMG_20230704_112537.jpg,CuNi1
../data/rgb/classification/original/CuNi1/Humeda/IMG_20230704_115933.jpg,CuNi1
../data/rgb/classification/original/CuNi1/Humeda/IMG_20230704_115942.jpg,CuNi1
../data/rgb/classification/original/CuNi1/Humeda/IMG_20230704_115956.jpg,CuNi1
../data/rgb/classification/original/CuNi1/Humeda/IMG_20230704_120000.jpg,CuNi1
../data/rgb/classification/original/CuNi1/Humeda/IMG_20230704_120005.jpg,CuNi1
../data/rgb/classification/original/CuNi1/Humeda/IMG_20230704_120010.jpg,CuNi1
../data/rgb/classification/original/CuNi1/Humeda/IMG_20230704_120017.jpg,CuNi1
../data/rgb/classification/original/CuNi1/Humeda/IMG_20230704_120019.jpg,CuNi1
../data/rgb/classification/original/CuNi1/Humeda/IMG_20230704_120041.jpg,CuNi1
../data/rgb/classification/original/CuNi1/Humeda/IMG_20230704_120114.jpg,CuNi1
../data/rgb/classification/original/CuNi1/Humeda/IMG_20230704_120130.jpg,CuNi1
../data/rgb/classification/original/CuNi1/Humeda/IMG_20230704_120136.jpg,CuNi1
../data/rgb/classification/original/CuNi1/Humeda/IMG_20230704_120157.jpg,CuNi1
../data/rgb/classification/original/CuNi1/Humeda/IMG_20230704_120201.jpg,CuNi1
../data/rgb/classification/original/CuNi1/Humeda/IMG_20230704_120203.jpg,CuNi1
../data/rgb/classification/original/CuNi1/Humeda/IMG_20230704_120211.jpg,CuNi1
../data/rgb/classification/original/CuNi1/Humeda/IMG_20230704_120221.jpg,CuNi1
../data/rgb/classification/original/CuNi1/Humeda/IMG_20230704_120252.jpg,CuNi1
../data/rgb/classification/original/CuNi1/Humeda/IMG_20230704_120259.jpg,CuNi1
../data/rgb/classification/original/CuNi1/Humeda/IMG_20230704_120302.jpg,CuNi1
../data/rgb/classification/original/CuNi1/Humeda/IMG_20230704_120306.jpg,CuNi1
../data/rgb/classification/original/CuNi1/Humeda/IMG_20230704_120309.jpg,CuNi1
../data/rgb/classification/original/CuNi1/Humeda/IMG_20230704_120313.jpg,CuNi1
../data/rgb/classification/original/CuNi1/Humeda/IMG_20230704_120320.jpg,CuNi1
../data/rgb/classification/original/CuNi1/Humeda/IMG_20230704_120338.jpg,CuNi1
../data/rgb/classification/original/CuNi1/Humeda/IMG_20230704_120410.jpg,CuNi1
../data/rgb/classification/original/CuNi1/Humeda/IMG_20230704_120414.jpg,CuNi1
../data/rgb/classification/original/CuNi1/Humeda/IMG_20230704_120417.jpg,CuNi1
../data/rgb/classification/original/CuNi1/Humeda/IMG_20230704_120420.jpg,CuNi1
../data/rgb/classification/original/CuNi1/Humeda/IMG_20230704_120430.jpg,CuNi1
../data/rgb/classification/original/CuNi1/Humeda/IMG_20230704_120439.jpg,CuNi1
../data/rgb/classification/original/CuNi1/Humeda/IMG_20230704_120442.jpg,CuNi1
../data/rgb/classification/original/CuNi1/Humeda/IMG_20230704_120448.jpg,CuNi1
../data/rgb/classification/original/CuNi1/Humeda/IMG_20230704_120452.jpg,CuNi1
../data/rgb/classification/original/CuNi2/Humeda/IMG_20230711_153118.jpg,CuNi2
../data/rgb/classification/original/CuNi2/Humeda/IMG_20230711_153125.jpg,CuNi2
../data/rgb/classification/original/CuNi2/Humeda/IMG_20230711_153128.jpg,CuNi2
../data/rgb/classification/original/CuNi2/Humeda/IMG_20230711_153131.jpg,CuNi2
../data/rgb/classification/original/CuNi2/Humeda/IMG_20230711_153139.jpg,CuNi2
../data/rgb/classification/original/CuNi2/Humeda/IMG_20230711_153143.jpg,CuNi2
../data/rgb/classification/original/CuNi2/Humeda/IMG_20230711_153145.jpg,CuNi2
../data/rgb/classification/original/CuNi2/Humeda/IMG_20230711_153148.jpg,CuNi2
../data/rgb/classification/original/CuNi2/Humeda/IMG_20230711_153215.jpg,CuNi2
../data/rgb/classification/original/CuNi2/Humeda/IMG_20230711_153224.jpg,CuNi2
../data/rgb/classification/original/CuNi2/Humeda/IMG_20230711_153229.jpg,CuNi2
../data/rgb/classification/original/CuNi2/Humeda/IMG_20230711_153238.jpg,CuNi2
../data/rgb/classification/original/CuNi2/Humeda/IMG_20230711_153244.jpg,CuNi2
../data/rgb/classification/original/CuNi2/Humeda/IMG_20230711_153248.jpg,CuNi2
../data/rgb/classification/original/CuNi2/Humeda/IMG_20230711_153258.jpg,CuNi2
../data/rgb/classification/original/CuNi2/Humeda/IMG_20230711_153305.jpg,CuNi2
../data/rgb/classification/original/CuNi2/Humeda/IMG_20230711_153330.jpg,CuNi2
../data/rgb/classification/original/CuNi2/Humeda/IMG_20230711_153337.jpg,CuNi2
../data/rgb/classification/original/CuNi2/Humeda/IMG_20230711_153341.jpg,CuNi2
../data/rgb/classification/original/CuNi2/Humeda/IMG_20230711_153344.jpg,CuNi2
../data/rgb/classification/original/CuNi2/Humeda/IMG_20230711_153352.jpg,CuNi2
../data/rgb/classification/original/CuNi2/Humeda/IMG_20230711_153359.jpg,CuNi2
../data/rgb/classification/original/CuNi2/Humeda/IMG_20230711_153405.jpg,CuNi2
../data/rgb/classification/original/CuNi2/Humeda/IMG_20230711_153408.jpg,CuNi2
../data/rgb/classification/original/CuNi2/Humeda/IMG_20230711_153412.jpg,CuNi2
../data/rgb/classification/original/CuNi2/Humeda/IMG_20230711_153431.jpg,CuNi2
../data/rgb/classification/original/CuNi2/Humeda/IMG_20230711_153438.jpg,CuNi2
../data/rgb/classification/original/CuNi2/Humeda/IMG_20230711_153445.jpg,CuNi2
../data/rgb/classification/original/CuNi2/Humeda/IMG_20230711_153457.jpg,CuNi2
../data/rgb/classification/original/CuNi2/Humeda/IMG_20230711_153502.jpg,CuNi2
../data/rgb/classification/original/CuNi2/Humeda/IMG_20230711_153509.jpg,CuNi2
../data/rgb/classification/original/CuNi2/Humeda/IMG_20230711_153514.jpg,CuNi2
../data/rgb/classification/original/CuNi2/Humeda/IMG_20230711_153518.jpg,CuNi2
../data/rgb/classification/original/CuNi2/Humeda/IMG_20230711_153523.jpg,CuNi2
../data/rgb/classification/original/CuNi2/Humeda/IMG_20230711_155628.jpg,CuNi2
../data/rgb/classification/original/CuNi2/Humeda/IMG_20230711_155636.jpg,CuNi2
../data/rgb/classification/original/CuNi2/Humeda/IMG_20230711_155643.jpg,CuNi2
../data/rgb/classification/original/CuNi2/Humeda/IMG_20230711_155648.jpg,CuNi2
../data/rgb/classification/original/CuNi2/Humeda/IMG_20230711_155655.jpg,CuNi2
../data/rgb/classification/original/CuNi2/Humeda/IMG_20230711_155703.jpg,CuNi2
../data/rgb/classification/original/CuNi2/Humeda/IMG_20230711_155710.jpg,CuNi2
../data/rgb/classification/original/CuNi2/Humeda/IMG_20230711_155716.jpg,CuNi2
../data/rgb/classification/original/CuNi2/Humeda/IMG_20230711_155744.jpg,CuNi2
../data/rgb/classification/original/CuNi2/Humeda/IMG_20230711_155752.jpg,CuNi2
../data/rgb/classification/original/CuNi2/Humeda/IMG_20230711_155800.jpg,CuNi2
../data/rgb/classification/original/CuNi2/Humeda/IMG_20230711_155808.jpg,CuNi2
../data/rgb/classification/original/CuNi2/Humeda/IMG_20230711_155814.jpg,CuNi2
../data/rgb/classification/original/CuNi2/Humeda/IMG_20230711_155822.jpg,CuNi2
../data/rgb/classification/original/CuNi2/Humeda/IMG_20230711_155826.jpg,CuNi2
../data/rgb/classification/original/CuNi2/Humeda/IMG_20230711_155831.jpg,CuNi2
../data/rgb/classification/original/CuNi2/Humeda/IMG_20230711_155855.jpg,CuNi2
../data/rgb/classification/original/CuNi2/Humeda/IMG_20230711_155905.jpg,CuNi2
../data/rgb/classification/original/CuNi2/Humeda/IMG_20230711_155921.jpg,CuNi2
../data/rgb/classification/original/CuNi2/Humeda/IMG_20230711_155931.jpg,CuNi2
../data/rgb/classification/original/CuNi2/Humeda/IMG_20230711_155946.jpg,CuNi2
../data/rgb/classification/original/CuNi2/Humeda/IMG_20230711_155951.jpg,CuNi2
../data/rgb/classification/original/CuNi2/Humeda/IMG_20230711_155959.jpg,CuNi2
../data/rgb/classification/original/CuNi2/Humeda/IMG_20230711_160003.jpg,CuNi2
../data/rgb/classification/original/CuNi2/Humeda/IMG_20230711_160008.jpg,CuNi2
../data/rgb/classification/original/CuNi2/Humeda/IMG_20230711_160032.jpg,CuNi2
../data/rgb/classification/original/CuNi2/Humeda/IMG_20230711_160041.jpg,CuNi2
../data/rgb/classification/original/CuNi2/Humeda/IMG_20230711_160048.jpg,CuNi2
../data/rgb/classification/original/CuNi2/Humeda/IMG_20230711_160056.jpg,CuNi2
../data/rgb/classification/original/CuNi2/Humeda/IMG_20230711_160100.jpg,CuNi2
../data/rgb/classification/original/CuNi2/Humeda/IMG_20230711_160108.jpg,CuNi2
../data/rgb/classification/original/CuNi2/Humeda/IMG_20230711_160115.jpg,CuNi2
../data/rgb/classification/original/CuNi2/Humeda/IMG_20230711_160125.jpg,CuNi2
../data/rgb/classification/original/CuNi2/Humeda/IMG_20230711_162110.jpg,CuNi2
../data/rgb/classification/original/CuNi2/Humeda/IMG_20230711_162118.jpg,CuNi2
../data/rgb/classification/original/CuNi2/Humeda/IMG_20230711_162126.jpg,CuNi2
../data/rgb/classification/original/CuNi2/Humeda/IMG_20230711_162132.jpg,CuNi2
../data/rgb/classification/original/CuNi2/Humeda/IMG_20230711_162138.jpg,CuNi2
../data/rgb/classification/original/CuNi2/Humeda/IMG_20230711_162148.jpg,CuNi2
../data/rgb/classification/original/CuNi2/Humeda/IMG_20230711_162156.jpg,CuNi2
../data/rgb/classification/original/CuNi2/Humeda/IMG_20230711_162203.jpg,CuNi2
../data/rgb/classification/original/CuNi2/Humeda/IMG_20230711_162225.jpg,CuNi2
../data/rgb/classification/original/CuNi2/Humeda/IMG_20230711_162227.jpg,CuNi2
../data/rgb/classification/original/CuNi2/Humeda/IMG_20230711_162235.jpg,CuNi2
../data/rgb/classification/original/CuNi2/Humeda/IMG_20230711_162240.jpg,CuNi2
../data/rgb/classification/original/CuNi2/Humeda/IMG_20230711_162245.jpg,CuNi2
../data/rgb/classification/original/CuNi2/Humeda/IMG_20230711_162252.jpg,CuNi2
../data/rgb/classification/original/CuNi2/Humeda/IMG_20230711_162258.jpg,CuNi2
../data/rgb/classification/original/CuNi2/Humeda/IMG_20230711_162304.jpg,CuNi2
../data/rgb/classification/original/CuNi2/Humeda/IMG_20230711_162312.jpg,CuNi2
../data/rgb/classification/original/CuNi2/Humeda/IMG_20230711_162335.jpg,CuNi2
../data/rgb/classification/original/CuNi2/Humeda/IMG_20230711_162343.jpg,CuNi2
../data/rgb/classification/original/CuNi2/Humeda/IMG_20230711_162347.jpg,CuNi2
../data/rgb/classification/original/CuNi2/Humeda/IMG_20230711_162351.jpg,CuNi2
../data/rgb/classification/original/CuNi2/Humeda/IMG_20230711_162355.jpg,CuNi2
../data/rgb/classification/original/CuNi2/Humeda/IMG_20230711_162358.jpg,CuNi2
../data/rgb/classification/original/CuNi2/Humeda/IMG_20230711_162400.jpg,CuNi2
../data/rgb/classification/original/CuNi2/Humeda/IMG_20230711_162402.jpg,CuNi2
../data/rgb/classification/original/CuNi2/Humeda/IMG_20230711_162405.jpg,CuNi2
../data/rgb/classification/original/CuNi2/Humeda/IMG_20230711_162411.jpg,CuNi2
../data/rgb/classification/original/CuNi2/Humeda/IMG_20230711_162433.jpg,CuNi2
../data/rgb/classification/original/CuNi2/Humeda/IMG_20230711_162440.jpg,CuNi2
../data/rgb/classification/original/CuNi2/Humeda/IMG_20230711_162443.jpg,CuNi2
../data/rgb/classification/original/CuNi2/Humeda/IMG_20230711_162446.jpg,CuNi2
../data/rgb/classification/original/CuNi2/Humeda/IMG_20230711_162455.jpg,CuNi2
../data/rgb/classification/original/CuNi2/Humeda/IMG_20230711_162500.jpg,CuNi2
../data/rgb/classification/original/CuNi2/Humeda/IMG_20230711_162506.jpg,CuNi2
../data/rgb/classification/original/CuNi2/Humeda/IMG_20230711_162510.jpg,CuNi2
../data/rgb/classification/original/CuNi2/Humeda/IMG_20230711_162520.jpg,CuNi2
../data/rgb/classification/original/CuNi2/Humeda/IMG_20230711_162559.jpg,CuNi2
../data/rgb/classification/original/CuNi2/Humeda/IMG_20230711_162603.jpg,CuNi2
../data/rgb/classification/original/CuNi2/Humeda/IMG_20230711_162605.jpg,CuNi2
../data/rgb/classification/original/CuNi2/Humeda/IMG_20230711_162607.jpg,CuNi2
../data/rgb/classification/original/CuNi2/Humeda/IMG_20230711_162612.jpg,CuNi2
../data/rgb/classification/original/CuNi2/Humeda/IMG_20230711_162617.jpg,CuNi2
../data/rgb/classification/original/CuNi2/Humeda/IMG_20230711_162627.jpg,CuNi2
../data/rgb/classification/original/CuNi2/Humeda/IMG_20230711_164404.jpg,CuNi2
../data/rgb/classification/original/CuNi2/Humeda/IMG_20230711_164407.jpg,CuNi2
../data/rgb/classification/original/CuNi2/Humeda/IMG_20230711_164417.jpg,CuNi2
../data/rgb/classification/original/CuNi2/Humeda/IMG_20230711_164426.jpg,CuNi2
../data/rgb/classification/original/CuNi2/Humeda/IMG_20230711_164431.jpg,CuNi2
../data/rgb/classification/original/CuNi2/Humeda/IMG_20230711_164435.jpg,CuNi2
../data/rgb/classification/original/CuNi2/Humeda/IMG_20230711_164439.jpg,CuNi2
../data/rgb/classification/original/CuNi2/Humeda/IMG_20230711_164442.jpg,CuNi2
../data/rgb/classification/original/CuNi2/Humeda/IMG_20230711_164446.jpg,CuNi2
../data/rgb/classification/original/CuNi2/Humeda/IMG_20230711_164448.jpg,CuNi2
../data/rgb/classification/original/CuNi2/Humeda/IMG_20230711_164513.jpg,CuNi2
../data/rgb/classification/original/CuNi2/Humeda/IMG_20230711_164534.jpg,CuNi2
../data/rgb/classification/original/CuNi2/Humeda/IMG_20230711_164538.jpg,CuNi2
../data/rgb/classification/original/CuNi2/Humeda/IMG_20230711_164545.jpg,CuNi2
../data/rgb/classification/original/CuNi2/Humeda/IMG_20230711_164552.jpg,CuNi2
../data/rgb/classification/original/CuNi2/Humeda/IMG_20230711_164559.jpg,CuNi2
../data/rgb/classification/original/CuNi2/Humeda/IMG_20230711_164610.jpg,CuNi2
../data/rgb/classification/original/CuNi2/Humeda/IMG_20230711_164646.jpg,CuNi2
../data/rgb/classification/original/CuNi2/Humeda/IMG_20230711_164658.jpg,CuNi2
../data/rgb/classification/original/CuNi2/Humeda/IMG_20230711_164704.jpg,CuNi2
../data/rgb/classification/original/CuNi2/Humeda/IMG_20230711_164711.jpg,CuNi2
../data/rgb/classification/original/CuNi2/Humeda/IMG_20230711_164716.jpg,CuNi2
../data/rgb/classification/original/CuNi2/Humeda/IMG_20230711_164720.jpg,CuNi2
../data/rgb/classification/original/CuNi2/Humeda/IMG_20230711_164723.jpg,CuNi2
../data/rgb/classification/original/CuNi2/Humeda/IMG_20230711_164725.jpg,CuNi2
../data/rgb/classification/original/CuNi2/Humeda/IMG_20230711_164748.jpg,CuNi2
../data/rgb/classification/original/CuNi2/Humeda/IMG_20230711_164801.jpg,CuNi2
../data/rgb/classification/original/CuNi2/Humeda/IMG_20230711_164806.jpg,CuNi2
../data/rgb/classification/original/CuNi2/Humeda/IMG_20230711_164809.jpg,CuNi2
../data/rgb/classification/original/CuNi2/Humeda/IMG_20230711_164811.jpg,CuNi2
../data/rgb/classification/original/CuNi2/Humeda/IMG_20230711_164815.jpg,CuNi2
../data/rgb/classification/original/CuNi2/Humeda/IMG_20230711_164817.jpg,CuNi2
../data/rgb/classification/original/CuNi2/Humeda/IMG_20230711_164821.jpg,CuNi2
../data/rgb/classification/original/CuNi2/Humeda/IMG_20230711_164904.jpg,CuNi2
../data/rgb/classification/original/CuNi2/Humeda/IMG_20230711_164914.jpg,CuNi2
../data/rgb/classification/original/CuNi2/Humeda/IMG_20230711_164921.jpg,CuNi2
../data/rgb/classification/original/CuNi2/Humeda/IMG_20230711_164932.jpg,CuNi2
../data/rgb/classification/original/CuNi2/Humeda/IMG_20230711_164943.jpg,CuNi2
../data/rgb/classification/original/CuNi2/Humeda/IMG_20230711_164949.jpg,CuNi2
../data/rgb/classification/original/CuNi2/Humeda/IMG_20230711_164954.jpg,CuNi2
../data/rgb/classification/original/CuNi2/Humeda/IMG_20230711_165001.jpg,CuNi2
../data/rgb/classification/original/CuNi2/Humeda/IMG_20230711_173330.jpg,CuNi2
../data/rgb/classification/original/CuNi2/Humeda/IMG_20230711_173339.jpg,CuNi2
../data/rgb/classification/original/CuNi2/Humeda/IMG_20230711_173342.jpg,CuNi2
../data/rgb/classification/original/CuNi2/Humeda/IMG_20230711_173344.jpg,CuNi2
../data/rgb/classification/original/CuNi2/Humeda/IMG_20230711_173348.jpg,CuNi2
../data/rgb/classification/original/CuNi2/Humeda/IMG_20230711_173355.jpg,CuNi2
../data/rgb/classification/original/CuNi2/Humeda/IMG_20230711_173358.jpg,CuNi2
../data/rgb/classification/original/CuNi2/Humeda/IMG_20230711_173401.jpg,CuNi2
../data/rgb/classification/original/CuNi2/Humeda/IMG_20230711_173423.jpg,CuNi2
../data/rgb/classification/original/CuNi2/Humeda/IMG_20230711_173431.jpg,CuNi2
../data/rgb/classification/original/CuNi2/Humeda/IMG_20230711_173435.jpg,CuNi2
../data/rgb/classification/original/CuNi2/Humeda/IMG_20230711_173438.jpg,CuNi2
../data/rgb/classification/original/CuNi2/Humeda/IMG_20230711_173441.jpg,CuNi2
../data/rgb/classification/original/CuNi2/Humeda/IMG_20230711_173443.jpg,CuNi2
../data/rgb/classification/original/CuNi2/Humeda/IMG_20230711_173447.jpg,CuNi2
../data/rgb/classification/original/CuNi2/Humeda/IMG_20230711_173450.jpg,CuNi2
../data/rgb/classification/original/CuNi2/Humeda/IMG_20230711_173513.jpg,CuNi2
../data/rgb/classification/original/CuNi2/Humeda/IMG_20230711_173523.jpg,CuNi2
../data/rgb/classification/original/CuNi2/Humeda/IMG_20230711_173526.jpg,CuNi2
../data/rgb/classification/original/CuNi2/Humeda/IMG_20230711_173528.jpg,CuNi2
../data/rgb/classification/original/CuNi2/Humeda/IMG_20230711_173530.jpg,CuNi2
../data/rgb/classification/original/CuNi2/Humeda/IMG_20230711_173532.jpg,CuNi2
../data/rgb/classification/original/CuNi2/Humeda/IMG_20230711_173534.jpg,CuNi2
../data/rgb/classification/original/CuNi2/Humeda/IMG_20230711_173539.jpg,CuNi2
../data/rgb/classification/original/CuNi2/Humeda/IMG_20230711_173602.jpg,CuNi2
../data/rgb/classification/original/CuNi2/Humeda/IMG_20230711_173614.jpg,CuNi2
../data/rgb/classification/original/CuNi2/Humeda/IMG_20230711_173621.jpg,CuNi2
../data/rgb/classification/original/CuNi2/Humeda/IMG_20230711_173625.jpg,CuNi2
../data/rgb/classification/original/CuNi2/Humeda/IMG_20230711_173627.jpg,CuNi2
../data/rgb/classification/original/CuNi2/Humeda/IMG_20230711_173629.jpg,CuNi2
../data/rgb/classification/original/CuNi2/Humeda/IMG_20230711_173631.jpg,CuNi2
../data/rgb/classification/original/CuNi2/Humeda/IMG_20230711_173632.jpg,CuNi2
../data/rgb/classification/original/CuNi2/Humeda/IMG_20230711_173636.jpg,CuNi2
../data/rgb/classification/original/CuNi2/Humeda/IMG_20230711_173653.jpg,CuNi2
../data/rgb/classification/original/CuNi2/Humeda/IMG_20230711_173702.jpg,CuNi2
../data/rgb/classification/original/CuNi2/Humeda/IMG_20230711_173720.jpg,CuNi2
../data/rgb/classification/original/CuNi2/Humeda/IMG_20230711_173733.jpg,CuNi2
../data/rgb/classification/original/CuNi2/Humeda/IMG_20230711_173803.jpg,CuNi2
../data/rgb/classification/original/CuNi2/Humeda/IMG_20230711_173807.jpg,CuNi2
../data/rgb/classification/original/CuNi2/Humeda/IMG_20230711_173811.jpg,CuNi2
../data/rgb/classification/original/CuNi2/Humeda/IMG_20230711_173816.jpg,CuNi2
../data/rgb/classification/original/CuNi2/Humeda/IMG_20230711_175307.jpg,CuNi2
../data/rgb/classification/original/CuNi2/Humeda/IMG_20230711_175314.jpg,CuNi2
../data/rgb/classification/original/CuNi2/Humeda/IMG_20230711_175322.jpg,CuNi2
../data/rgb/classification/original/CuNi2/Humeda/IMG_20230711_175326.jpg,CuNi2
../data/rgb/classification/original/CuNi2/Humeda/IMG_20230711_175333.jpg,CuNi2
../data/rgb/classification/original/CuNi2/Humeda/IMG_20230711_175337.jpg,CuNi2
../data/rgb/classification/original/CuNi2/Humeda/IMG_20230711_175345.jpg,CuNi2
../data/rgb/classification/original/CuNi2/Humeda/IMG_20230711_175350.jpg,CuNi2
../data/rgb/classification/original/CuNi2/Humeda/IMG_20230711_175414.jpg,CuNi2
../data/rgb/classification/original/CuNi2/Humeda/IMG_20230711_175430.jpg,CuNi2
../data/rgb/classification/original/CuNi2/Humeda/IMG_20230711_175433.jpg,CuNi2
../data/rgb/classification/original/CuNi2/Humeda/IMG_20230711_175437.jpg,CuNi2
../data/rgb/classification/original/CuNi2/Humeda/IMG_20230711_175439.jpg,CuNi2
../data/rgb/classification/original/CuNi2/Humeda/IMG_20230711_175442.jpg,CuNi2
../data/rgb/classification/original/CuNi2/Humeda/IMG_20230711_175445.jpg,CuNi2
../data/rgb/classification/original/CuNi2/Humeda/IMG_20230711_175452.jpg,CuNi2
../data/rgb/classification/original/CuNi2/Humeda/IMG_20230711_175515.jpg,CuNi2
../data/rgb/classification/original/CuNi2/Humeda/IMG_20230711_175521.jpg,CuNi2
../data/rgb/classification/original/CuNi2/Humeda/IMG_20230711_175525.jpg,CuNi2
../data/rgb/classification/original/CuNi2/Humeda/IMG_20230711_175531.jpg,CuNi2
../data/rgb/classification/original/CuNi2/Humeda/IMG_20230711_175534.jpg,CuNi2
../data/rgb/classification/original/CuNi2/Humeda/IMG_20230711_175537.jpg,CuNi2
../data/rgb/classification/original/CuNi2/Humeda/IMG_20230711_175539.jpg,CuNi2
../data/rgb/classification/original/CuNi2/Humeda/IMG_20230711_175541.jpg,CuNi2
../data/rgb/classification/original/CuNi2/Humeda/IMG_20230711_175603.jpg,CuNi2
../data/rgb/classification/original/CuNi2/Humeda/IMG_20230711_175612.jpg,CuNi2
../data/rgb/classification/original/CuNi2/Humeda/IMG_20230711_175614.jpg,CuNi2
../data/rgb/classification/original/CuNi2/Humeda/IMG_20230711_175622.jpg,CuNi2
../data/rgb/classification/original/CuNi2/Humeda/IMG_20230711_175633.jpg,CuNi2
../data/rgb/classification/original/CuNi2/Humeda/IMG_20230711_175641.jpg,CuNi2
../data/rgb/classification/original/CuNi2/Humeda/IMG_20230711_175649.jpg,CuNi2
../data/rgb/classification/original/CuNi2/Humeda/IMG_20230711_175652.jpg,CuNi2
../data/rgb/classification/original/CuNi2/Humeda/IMG_20230711_175706.jpg,CuNi2
../data/rgb/classification/original/CuNi2/Humeda/IMG_20230711_181052.jpg,CuNi2
../data/rgb/classification/original/CuNi2/Humeda/IMG_20230711_181100.jpg,CuNi2
../data/rgb/classification/original/CuNi2/Humeda/IMG_20230711_181103.jpg,CuNi2
../data/rgb/classification/original/CuNi2/Humeda/IMG_20230711_181106.jpg,CuNi2
../data/rgb/classification/original/CuNi2/Humeda/IMG_20230711_181110.jpg,CuNi2
../data/rgb/classification/original/CuNi2/Humeda/IMG_20230711_181116.jpg,CuNi2
../data/rgb/classification/original/CuNi2/Humeda/IMG_20230711_181120.jpg,CuNi2
../data/rgb/classification/original/CuNi2/Humeda/IMG_20230711_181125.jpg,CuNi2
../data/rgb/classification/original/CuNi2/Humeda/IMG_20230711_181136.jpg,CuNi2
../data/rgb/classification/original/CuNi2/Humeda/IMG_20230711_181156.jpg,CuNi2
../data/rgb/classification/original/CuNi2/Humeda/IMG_20230711_181205.jpg,CuNi2
../data/rgb/classification/original/CuNi2/Humeda/IMG_20230711_181214.jpg,CuNi2
../data/rgb/classification/original/CuNi2/Humeda/IMG_20230711_181218.jpg,CuNi2
../data/rgb/classification/original/CuNi2/Humeda/IMG_20230711_181221.jpg,CuNi2
../data/rgb/classification/original/CuNi2/Humeda/IMG_20230711_181227.jpg,CuNi2
../data/rgb/classification/original/CuNi2/Humeda/IMG_20230711_181233.jpg,CuNi2
../data/rgb/classification/original/CuNi2/Humeda/IMG_20230711_181244.jpg,CuNi2
../data/rgb/classification/original/CuNi2/Humeda/IMG_20230711_181306.jpg,CuNi2
../data/rgb/classification/original/CuNi2/Humeda/IMG_20230711_181312.jpg,CuNi2
../data/rgb/classification/original/CuNi2/Humeda/IMG_20230711_181316.jpg,CuNi2
../data/rgb/classification/original/CuNi2/Humeda/IMG_20230711_181319.jpg,CuNi2
../data/rgb/classification/original/CuNi2/Humeda/IMG_20230711_181322.jpg,CuNi2
../data/rgb/classification/original/CuNi2/Humeda/IMG_20230711_181324.jpg,CuNi2
../data/rgb/classification/original/CuNi2/Humeda/IMG_20230711_181327.jpg,CuNi2
../data/rgb/classification/original/CuNi2/Humeda/IMG_20230711_181329.jpg,CuNi2
../data/rgb/classification/original/CuNi2/Humeda/IMG_20230711_181356.jpg,CuNi2
../data/rgb/classification/original/CuNi2/Humeda/IMG_20230711_181412.jpg,CuNi2
../data/rgb/classification/original/CuNi2/Humeda/IMG_20230711_181416.jpg,CuNi2
../data/rgb/classification/original/CuNi2/Humeda/IMG_20230711_181419.jpg,CuNi2
../data/rgb/classification/original/CuNi2/Humeda/IMG_20230711_181421.jpg,CuNi2
../data/rgb/classification/original/CuNi2/Humeda/IMG_20230711_181424.jpg,CuNi2
../data/rgb/classification/original/CuNi2/Humeda/IMG_20230711_181427.jpg,CuNi2
../data/rgb/classification/original/CuNi2/Humeda/IMG_20230711_181430.jpg,CuNi2
../data/rgb/classification/original/CuNi2/Humeda/IMG_20230711_181451.jpg,CuNi2
../data/rgb/classification/original/CuNi2/Humeda/IMG_20230711_181500.jpg,CuNi2
../data/rgb/classification/original/CuNi2/Humeda/IMG_20230711_181504.jpg,CuNi2
../data/rgb/classification/original/CuNi2/Humeda/IMG_20230711_181506.jpg,CuNi2
../data/rgb/classification/original/CuNi2/Humeda/IMG_20230711_181515.jpg,CuNi2
../data/rgb/classification/original/CuNi2/Humeda/IMG_20230711_181518.jpg,CuNi2
../data/rgb/classification/original/CuNi2/Humeda/IMG_20230711_181529.jpg,CuNi2
../data/rgb/classification/original/CuNi3/Humeda/IMG_20230601_135302.jpg,CuNi3
../data/rgb/classification/original/CuNi3/Humeda/IMG_20230601_135321.jpg,CuNi3
../data/rgb/classification/original/CuNi3/Humeda/IMG_20230601_135339.jpg,CuNi3
../data/rgb/classification/original/CuNi3/Humeda/IMG_20230601_135358.jpg,CuNi3
../data/rgb/classification/original/CuNi3/Humeda/IMG_20230601_135420.jpg,CuNi3
../data/rgb/classification/original/CuNi3/Humeda/IMG_20230601_135442.jpg,CuNi3
../data/rgb/classification/original/CuNi3/Humeda/IMG_20230601_135521.jpg,CuNi3
../data/rgb/classification/original/CuNi3/Humeda/IMG_20230601_135615.jpg,CuNi3
../data/rgb/classification/original/CuNi3/Humeda/IMG_20230601_135639.jpg,CuNi3
../data/rgb/classification/original/CuNi3/Humeda/IMG_20230601_135703.jpg,CuNi3
../data/rgb/classification/original/CuNi3/Humeda/IMG_20230601_135729.jpg,CuNi3
../data/rgb/classification/original/CuNi3/Humeda/IMG_20230601_135801.jpg,CuNi3
../data/rgb/classification/original/CuNi3/Humeda/IMG_20230601_135805.jpg,CuNi3
../data/rgb/classification/original/CuNi3/Humeda/IMG_20230601_135820.jpg,CuNi3
../data/rgb/classification/original/CuNi3/Humeda/IMG_20230601_135837.jpg,CuNi3
../data/rgb/classification/original/CuNi3/Humeda/IMG_20230601_135853.jpg,CuNi3
../data/rgb/classification/original/CuNi3/Humeda/IMG_20230601_142544.jpg,CuNi3
../data/rgb/classification/original/CuNi3/Humeda/IMG_20230601_142855.jpg,CuNi3
../data/rgb/classification/original/CuNi3/Humeda/IMG_20230601_142907.jpg,CuNi3
../data/rgb/classification/original/CuNi3/Humeda/IMG_20230601_142922.jpg,CuNi3
../data/rgb/classification/original/CuNi3/Humeda/IMG_20230601_142934.jpg,CuNi3
../data/rgb/classification/original/CuNi3/Humeda/IMG_20230601_142948.jpg,CuNi3
../data/rgb/classification/original/CuNi3/Humeda/IMG_20230601_142953.jpg,CuNi3
../data/rgb/classification/original/CuNi3/Humeda/IMG_20230601_143010.jpg,CuNi3
../data/rgb/classification/original/CuNi3/Humeda/IMG_20230601_143039.jpg,CuNi3
../data/rgb/classification/original/CuNi3/Humeda/IMG_20230601_143056.jpg,CuNi3
../data/rgb/classification/original/CuNi3/Humeda/IMG_20230601_143108.jpg,CuNi3
../data/rgb/classification/original/CuNi3/Humeda/IMG_20230602_113010.jpg,CuNi3
../data/rgb/classification/original/CuNi3/Humeda/IMG_20230602_113027.jpg,CuNi3
../data/rgb/classification/original/CuNi3/Humeda/IMG_20230602_113041.jpg,CuNi3
../data/rgb/classification/original/CuNi3/Humeda/IMG_20230602_113046.jpg,CuNi3
../data/rgb/classification/original/CuNi3/Humeda/IMG_20230602_113056.jpg,CuNi3
../data/rgb/classification/original/CuNi3/Humeda/IMG_20230602_113103.jpg,CuNi3
../data/rgb/classification/original/CuNi3/Humeda/IMG_20230602_113134.jpg,CuNi3
../data/rgb/classification/original/CuNi3/Humeda/IMG_20230602_113148.jpg,CuNi3
../data/rgb/classification/original/CuNi3/Humeda/IMG_20230602_113156.jpg,CuNi3
../data/rgb/classification/original/CuNi3/Humeda/IMG_20230602_113241.jpg,CuNi3
../data/rgb/classification/original/CuNi3/Humeda/IMG_20230602_113254.jpg,CuNi3
../data/rgb/classification/original/CuNi3/Humeda/IMG_20230602_113307.jpg,CuNi3
../data/rgb/classification/original/CuNi3/Humeda/IMG_20230602_113320.jpg,CuNi3
../data/rgb/classification/original/CuNi3/Humeda/IMG_20230602_113348.jpg,CuNi3
../data/rgb/classification/original/CuNi3/Humeda/IMG_20230602_113359.jpg,CuNi3
../data/rgb/classification/original/CuNi3/Humeda/IMG_20230602_113417.jpg,CuNi3
../data/rgb/classification/original/CuNi3/Humeda/IMG_20230602_113512.jpg,CuNi3
../data/rgb/classification/original/CuNi3/Humeda/IMG_20230602_113516.jpg,CuNi3
../data/rgb/classification/original/CuNi3/Humeda/IMG_20230602_113524.jpg,CuNi3
../data/rgb/classification/original/CuNi3/Humeda/IMG_20230602_113535.jpg,CuNi3
../data/rgb/classification/original/CuNi3/Humeda/IMG_20230602_113540.jpg,CuNi3
../data/rgb/classification/original/CuNi3/Humeda/IMG_20230602_113552.jpg,CuNi3
../data/rgb/classification/original/CuNi3/Humeda/IMG_20230602_113602.jpg,CuNi3
../data/rgb/classification/original/CuNi3/Humeda/IMG_20230602_113612.jpg,CuNi3
../data/rgb/classification/original/CuNi3/Humeda/IMG_20230602_113623.jpg,CuNi3
../data/rgb/classification/original/CuNi3/Humeda/IMG_20230602_113645.jpg,CuNi3
../data/rgb/classification/original/CuNi3/Humeda/IMG_20230602_113713.jpg,CuNi3
../data/rgb/classification/original/CuNi3/Humeda/IMG_20230602_113727.jpg,CuNi3
../data/rgb/classification/original/CuNi3/Humeda/IMG_20230602_113737.jpg,CuNi3
../data/rgb/classification/original/CuNi3/Humeda/IMG_20230602_113750.jpg,CuNi3
../data/rgb/classification/original/CuNi3/Humeda/IMG_20230602_113803.jpg,CuNi3
../data/rgb/classification/original/CuNi3/Humeda/IMG_20230602_113817.jpg,CuNi3
../data/rgb/classification/original/CuNi3/Humeda/IMG_20230602_113829.jpg,CuNi3
../data/rgb/classification/original/CuNi3/Humeda/IMG_20230602_113846.jpg,CuNi3
../data/rgb/classification/original/CuNi3/Humeda/IMG_20230602_115558.jpg,CuNi3
../data/rgb/classification/original/CuNi3/Humeda/IMG_20230602_115616.jpg,CuNi3
../data/rgb/classification/original/CuNi3/Humeda/IMG_20230602_115625.jpg,CuNi3
../data/rgb/classification/original/CuNi3/Humeda/IMG_20230602_115641.jpg,CuNi3
../data/rgb/classification/original/CuNi3/Humeda/IMG_20230602_115702.jpg,CuNi3
../data/rgb/classification/original/CuNi3/Humeda/IMG_20230602_115710.jpg,CuNi3
../data/rgb/classification/original/CuNi3/Humeda/IMG_20230602_115723.jpg,CuNi3
../data/rgb/classification/original/CuNi3/Humeda/IMG_20230602_115735.jpg,CuNi3
../data/rgb/classification/original/CuNi3/Humeda/IMG_20230602_115739.jpg,CuNi3
../data/rgb/classification/original/CuNi3/Humeda/IMG_20230602_115804.jpg,CuNi3
../data/rgb/classification/original/CuNi3/Humeda/IMG_20230602_115818.jpg,CuNi3
../data/rgb/classification/original/CuNi3/Humeda/IMG_20230602_115829.jpg,CuNi3
../data/rgb/classification/original/CuNi3/Humeda/IMG_20230602_115841.jpg,CuNi3
../data/rgb/classification/original/CuNi3/Humeda/IMG_20230602_115854.jpg,CuNi3
../data/rgb/classification/original/CuNi3/Humeda/IMG_20230602_115917.jpg,CuNi3
../data/rgb/classification/original/CuNi3/Humeda/IMG_20230602_115921.jpg,CuNi3
../data/rgb/classification/original/CuNi3/Humeda/IMG_20230602_115931.jpg,CuNi3
../data/rgb/classification/original/CuNi3/Humeda/IMG_20230602_115943.jpg,CuNi3
../data/rgb/classification/original/CuNi3/Humeda/IMG_20230602_120015.jpg,CuNi3
../data/rgb/classification/original/CuNi3/Humeda/IMG_20230602_120028.jpg,CuNi3
../data/rgb/classification/original/CuNi3/Humeda/IMG_20230602_120035.jpg,CuNi3
../data/rgb/classification/original/CuNi3/Humeda/IMG_20230602_120045.jpg,CuNi3
../data/rgb/classification/original/CuNi3/Humeda/IMG_20230602_120057.jpg,CuNi3
../data/rgb/classification/original/CuNi3/Humeda/IMG_20230602_120106.jpg,CuNi3
../data/rgb/classification/original/CuNi3/Humeda/IMG_20230602_120126.jpg,CuNi3
../data/rgb/classification/original/CuNi3/Humeda/IMG_20230602_120138.jpg,CuNi3
../data/rgb/classification/original/CuNi3/Humeda/IMG_20230602_120150.jpg,CuNi3
../data/rgb/classification/original/CuNi3/Humeda/IMG_20230602_120216.jpg,CuNi3
../data/rgb/classification/original/CuNi3/Humeda/IMG_20230602_120227.jpg,CuNi3
../data/rgb/classification/original/CuNi3/Humeda/IMG_20230602_120240.jpg,CuNi3
../data/rgb/classification/original/CuNi3/Humeda/IMG_20230602_120259.jpg,CuNi3
../data/rgb/classification/original/CuNi3/Humeda/IMG_20230602_120315.jpg,CuNi3
../data/rgb/classification/original/CuNi3/Humeda/IMG_20230602_120326.jpg,CuNi3
../data/rgb/classification/original/CuNi3/Humeda/IMG_20230602_120342.jpg,CuNi3
../data/rgb/classification/original/CuNi3/Humeda/IMG_20230602_120354.jpg,CuNi3
../data/rgb/classification/original/CuNi3/Humeda/IMG_20230609_105950.jpg,CuNi3
../data/rgb/classification/original/CuNi3/Humeda/IMG_20230609_110005.jpg,CuNi3
../data/rgb/classification/original/CuNi3/Humeda/IMG_20230609_110015.jpg,CuNi3
../data/rgb/classification/original/CuNi3/Humeda/IMG_20230609_110026.jpg,CuNi3
../data/rgb/classification/original/CuNi3/Humeda/IMG_20230609_110039.jpg,CuNi3
../data/rgb/classification/original/CuNi3/Humeda/IMG_20230609_110054.jpg,CuNi3
../data/rgb/classification/original/CuNi3/Humeda/IMG_20230609_110106.jpg,CuNi3
../data/rgb/classification/original/CuNi3/Humeda/IMG_20230609_110118.jpg,CuNi3
../data/rgb/classification/original/CuNi3/Humeda/IMG_20230609_110203.jpg,CuNi3
../data/rgb/classification/original/CuNi3/Humeda/IMG_20230609_110213.jpg,CuNi3
../data/rgb/classification/original/CuNi3/Humeda/IMG_20230609_110226.jpg,CuNi3
../data/rgb/classification/original/CuNi3/Humeda/IMG_20230609_110237.jpg,CuNi3
../data/rgb/classification/original/CuNi3/Humeda/IMG_20230609_110251.jpg,CuNi3
../data/rgb/classification/original/CuNi3/Humeda/IMG_20230609_110316.jpg,CuNi3
../data/rgb/classification/original/CuNi3/Humeda/IMG_20230609_110333.jpg,CuNi3
../data/rgb/classification/original/CuNi3/Humeda/IMG_20230609_110402.jpg,CuNi3
../data/rgb/classification/original/CuNi3/Humeda/IMG_20230609_110414.jpg,CuNi3
../data/rgb/classification/original/CuNi3/Humeda/IMG_20230609_110426.jpg,CuNi3
../data/rgb/classification/original/CuNi3/Humeda/IMG_20230609_110443.jpg,CuNi3
../data/rgb/classification/original/CuNi3/Humeda/IMG_20230609_110453.jpg,CuNi3
../data/rgb/classification/original/CuNi3/Humeda/IMG_20230609_110505.jpg,CuNi3
../data/rgb/classification/original/CuNi3/Humeda/IMG_20230609_110520.jpg,CuNi3
../data/rgb/classification/original/CuNi3/Humeda/IMG_20230609_110538.jpg,CuNi3
../data/rgb/classification/original/CuNi3/Humeda/IMG_20230609_110612.jpg,CuNi3
../data/rgb/classification/original/CuNi3/Humeda/IMG_20230609_110630.jpg,CuNi3
../data/rgb/classification/original/CuNi3/Humeda/IMG_20230609_110650.jpg,CuNi3
../data/rgb/classification/original/CuNi3/Humeda/IMG_20230609_110704.jpg,CuNi3
../data/rgb/classification/original/CuNi3/Humeda/IMG_20230609_110728.jpg,CuNi3
../data/rgb/classification/original/CuNi3/Humeda/IMG_20230609_110746.jpg,CuNi3
../data/rgb/classification/original/CuNi3/Humeda/IMG_20230609_110802.jpg,CuNi3
../data/rgb/classification/original/CuNi3/Humeda/IMG_20230609_110817.jpg,CuNi3
../data/rgb/classification/original/CuNi3/Humeda/IMG_20230609_110857.jpg,CuNi3
../data/rgb/classification/original/CuNi3/Humeda/IMG_20230609_110910.jpg,CuNi3
../data/rgb/classification/original/CuNi3/Humeda/IMG_20230609_110928.jpg,CuNi3
../data/rgb/classification/original/CuNi3/Humeda/IMG_20230609_110941.jpg,CuNi3
../data/rgb/classification/original/CuNi3/Humeda/IMG_20230609_110952.jpg,CuNi3
../data/rgb/classification/original/CuNi3/Humeda/IMG_20230609_111006.jpg,CuNi3
../data/rgb/classification/original/CuNi3/Humeda/IMG_20230609_111027.jpg,CuNi3
../data/rgb/classification/original/CuNi3/Humeda/IMG_20230609_111040.jpg,CuNi3
../data/rgb/classification/original/CuNi3/Humeda/IMG_20230609_113352.jpg,CuNi3
../data/rgb/classification/original/CuNi3/Humeda/IMG_20230609_113406.jpg,CuNi3
../data/rgb/classification/original/CuNi3/Humeda/IMG_20230609_113417.jpg,CuNi3
../data/rgb/classification/original/CuNi3/Humeda/IMG_20230609_113427.jpg,CuNi3
../data/rgb/classification/original/CuNi3/Humeda/IMG_20230609_113439.jpg,CuNi3
../data/rgb/classification/original/CuNi3/Humeda/IMG_20230609_113454.jpg,CuNi3
../data/rgb/classification/original/CuNi3/Humeda/IMG_20230609_113505.jpg,CuNi3
../data/rgb/classification/original/CuNi3/Humeda/IMG_20230609_113520.jpg,CuNi3
../data/rgb/classification/original/CuNi3/Humeda/IMG_20230609_113551.jpg,CuNi3
../data/rgb/classification/original/CuNi3/Humeda/IMG_20230609_113603.jpg,CuNi3
../data/rgb/classification/original/CuNi3/Humeda/IMG_20230609_113614.jpg,CuNi3
../data/rgb/classification/original/CuNi3/Humeda/IMG_20230609_113627.jpg,CuNi3
../data/rgb/classification/original/CuNi3/Humeda/IMG_20230609_113641.jpg,CuNi3
../data/rgb/classification/original/CuNi3/Humeda/IMG_20230609_113652.jpg,CuNi3
../data/rgb/classification/original/CuNi3/Humeda/IMG_20230609_113704.jpg,CuNi3
../data/rgb/classification/original/CuNi3/Humeda/IMG_20230609_113729.jpg,CuNi3
../data/rgb/classification/original/CuNi3/Humeda/IMG_20230609_113803.jpg,CuNi3
../data/rgb/classification/original/CuNi3/Humeda/IMG_20230609_113816.jpg,CuNi3
../data/rgb/classification/original/CuNi3/Humeda/IMG_20230609_113826.jpg,CuNi3
../data/rgb/classification/original/CuNi3/Humeda/IMG_20230609_113837.jpg,CuNi3
../data/rgb/classification/original/CuNi3/Humeda/IMG_20230609_113848.jpg,CuNi3
../data/rgb/classification/original/CuNi3/Humeda/IMG_20230609_113900.jpg,CuNi3
../data/rgb/classification/original/CuNi3/Humeda/IMG_20230609_113913.jpg,CuNi3
../data/rgb/classification/original/CuNi3/Humeda/IMG_20230609_113927.jpg,CuNi3
../data/rgb/classification/original/CuNi3/Humeda/IMG_20230609_114014.jpg,CuNi3
../data/rgb/classification/original/CuNi3/Humeda/IMG_20230609_114027.jpg,CuNi3
../data/rgb/classification/original/CuNi3/Humeda/IMG_20230609_114040.jpg,CuNi3
../data/rgb/classification/original/CuNi3/Humeda/IMG_20230609_114052.jpg,CuNi3
../data/rgb/classification/original/CuNi3/Humeda/IMG_20230609_114103.jpg,CuNi3
../data/rgb/classification/original/CuNi3/Humeda/IMG_20230609_114115.jpg,CuNi3
../data/rgb/classification/original/CuNi3/Humeda/IMG_20230609_114128.jpg,CuNi3
../data/rgb/classification/original/CuNi3/Humeda/IMG_20230609_114148.jpg,CuNi3
../data/rgb/classification/original/CuNi3/Humeda/IMG_20230609_114401.jpg,CuNi3
../data/rgb/classification/original/CuNi3/Humeda/IMG_20230609_114417.jpg,CuNi3
../data/rgb/classification/original/CuNi3/Humeda/IMG_20230609_114427.jpg,CuNi3
../data/rgb/classification/original/CuNi3/Humeda/IMG_20230609_114438.jpg,CuNi3
../data/rgb/classification/original/CuNi3/Humeda/IMG_20230609_114449.jpg,CuNi3
../data/rgb/classification/original/CuNi3/Humeda/IMG_20230609_114500.jpg,CuNi3
../data/rgb/classification/original/CuNi3/Humeda/IMG_20230609_114510.jpg,CuNi3
../data/rgb/classification/original/CuNi3/Humeda/IMG_20230609_114522.jpg,CuNi3
../data/rgb/classification/original/CuNi3/Humeda/IMG_20230609_132446.jpg,CuNi3
../data/rgb/classification/original/CuNi3/Humeda/IMG_20230609_132502.jpg,CuNi3
../data/rgb/classification/original/CuNi3/Humeda/IMG_20230609_132523.jpg,CuNi3
../data/rgb/classification/original/CuNi3/Humeda/IMG_20230609_132538.jpg,CuNi3
../data/rgb/classification/original/CuNi3/Humeda/IMG_20230609_132550.jpg,CuNi3
../data/rgb/classification/original/CuNi3/Humeda/IMG_20230609_132607.jpg,CuNi3
../data/rgb/classification/original/CuNi3/Humeda/IMG_20230609_132620.jpg,CuNi3
../data/rgb/classification/original/CuNi3/Humeda/IMG_20230609_132631.jpg,CuNi3
../data/rgb/classification/original/CuNi3/Humeda/IMG_20230609_132705.jpg,CuNi3
../data/rgb/classification/original/CuNi3/Humeda/IMG_20230609_132717.jpg,CuNi3
../data/rgb/classification/original/CuNi3/Humeda/IMG_20230609_132729.jpg,CuNi3
../data/rgb/classification/original/CuNi3/Humeda/IMG_20230609_132738.jpg,CuNi3
../data/rgb/classification/original/CuNi3/Humeda/IMG_20230609_132754.jpg,CuNi3
../data/rgb/classification/original/CuNi3/Humeda/IMG_20230609_132806.jpg,CuNi3
../data/rgb/classification/original/CuNi3/Humeda/IMG_20230609_132820.jpg,CuNi3
../data/rgb/classification/original/CuNi3/Humeda/IMG_20230609_132833.jpg,CuNi3
../data/rgb/classification/original/CuNi3/Humeda/IMG_20230609_132900.jpg,CuNi3
../data/rgb/classification/original/CuNi3/Humeda/IMG_20230609_132913.jpg,CuNi3
../data/rgb/classification/original/CuNi3/Humeda/IMG_20230609_132926.jpg,CuNi3
../data/rgb/classification/original/CuNi3/Humeda/IMG_20230609_132938.jpg,CuNi3
../data/rgb/classification/original/CuNi3/Humeda/IMG_20230609_132950.jpg,CuNi3
../data/rgb/classification/original/CuNi3/Humeda/IMG_20230609_133002.jpg,CuNi3
../data/rgb/classification/original/CuNi3/Humeda/IMG_20230609_133012.jpg,CuNi3
../data/rgb/classification/original/CuNi3/Humeda/IMG_20230609_133023.jpg,CuNi3
../data/rgb/classification/original/CuNi3/Humeda/IMG_20230609_133057.jpg,CuNi3
../data/rgb/classification/original/CuNi3/Humeda/IMG_20230609_133107.jpg,CuNi3
../data/rgb/classification/original/CuNi3/Humeda/IMG_20230609_133119.jpg,CuNi3
../data/rgb/classification/original/CuNi3/Humeda/IMG_20230609_133132.jpg,CuNi3
../data/rgb/classification/original/CuNi3/Humeda/IMG_20230609_133142.jpg,CuNi3
../data/rgb/classification/original/CuNi3/Humeda/IMG_20230609_133156.jpg,CuNi3
../data/rgb/classification/original/CuNi3/Humeda/IMG_20230609_133203.jpg,CuNi3
../data/rgb/classification/original/CuNi3/Humeda/IMG_20230609_133216.jpg,CuNi3
../data/rgb/classification/original/CuNi3/Humeda/IMG_20230609_133236.jpg,CuNi3
../data/rgb/classification/original/CuNi3/Humeda/IMG_20230609_133335.jpg,CuNi3
../data/rgb/classification/original/CuNi3/Humeda/IMG_20230609_133406.jpg,CuNi3
../data/rgb/classification/original/CuNi3/Humeda/IMG_20230609_133507.jpg,CuNi3
../data/rgb/classification/original/CuNi3/Humeda/IMG_20230609_133516.jpg,CuNi3
../data/rgb/classification/original/CuNi3/Humeda/IMG_20230609_133527.jpg,CuNi3
../data/rgb/classification/original/CuNi3/Humeda/IMG_20230609_133542.jpg,CuNi3
../data/rgb/classification/original/CuNi3/Humeda/IMG_20230609_133553.jpg,CuNi3
../data/rgb/classification/original/CuNi3/Humeda/IMG_20230609_133606.jpg,CuNi3
../data/rgb/classification/original/CuNi3/Humeda/IMG_20230609_133623.jpg,CuNi3
../data/rgb/classification/original/CuNi3/Humeda/IMG_20230609_133655.jpg,CuNi3
../data/rgb/classification/original/CuNi3/Humeda/IMG_20230609_133702.jpg,CuNi3
../data/rgb/classification/original/CuNi3/Humeda/IMG_20230609_141104.jpg,CuNi3
../data/rgb/classification/original/CuNi3/Humeda/IMG_20230609_141118.jpg,CuNi3
../data/rgb/classification/original/CuNi3/Humeda/IMG_20230609_141133.jpg,CuNi3
../data/rgb/classification/original/CuNi3/Humeda/IMG_20230609_141145.jpg,CuNi3
../data/rgb/classification/original/CuNi3/Humeda/IMG_20230609_141159.jpg,CuNi3
../data/rgb/classification/original/CuNi3/Humeda/IMG_20230609_141212.jpg,CuNi3
../data/rgb/classification/original/CuNi3/Humeda/IMG_20230609_141224.jpg,CuNi3
../data/rgb/classification/original/CuNi3/Humeda/IMG_20230609_141301.jpg,CuNi3
../data/rgb/classification/original/CuNi3/Humeda/IMG_20230609_141345.jpg,CuNi3
../data/rgb/classification/original/CuNi3/Humeda/IMG_20230609_141358.jpg,CuNi3
../data/rgb/classification/original/CuNi3/Humeda/IMG_20230609_141410.jpg,CuNi3
../data/rgb/classification/original/CuNi3/Humeda/IMG_20230609_141424.jpg,CuNi3
../data/rgb/classification/original/CuNi3/Humeda/IMG_20230609_141443.jpg,CuNi3
../data/rgb/classification/original/CuNi3/Humeda/IMG_20230609_141456.jpg,CuNi3
../data/rgb/classification/original/CuNi3/Humeda/IMG_20230609_141509.jpg,CuNi3
../data/rgb/classification/original/CuNi3/Humeda/IMG_20230609_141521.jpg,CuNi3
../data/rgb/classification/original/CuNi3/Humeda/IMG_20230609_141548.jpg,CuNi3
../data/rgb/classification/original/CuNi3/Humeda/IMG_20230609_141557.jpg,CuNi3
../data/rgb/classification/original/CuNi3/Humeda/IMG_20230609_141606.jpg,CuNi3
../data/rgb/classification/original/CuNi3/Humeda/IMG_20230609_141616.jpg,CuNi3
../data/rgb/classification/original/CuNi3/Humeda/IMG_20230609_141627.jpg,CuNi3
../data/rgb/classification/original/CuNi3/Humeda/IMG_20230609_141637.jpg,CuNi3
../data/rgb/classification/original/CuNi3/Humeda/IMG_20230609_141646.jpg,CuNi3
../data/rgb/classification/original/CuNi3/Humeda/IMG_20230609_141657.jpg,CuNi3
../data/rgb/classification/original/CuNi3/Humeda/IMG_20230609_141727.jpg,CuNi3
../data/rgb/classification/original/CuNi3/Humeda/IMG_20230609_141808.jpg,CuNi3
../data/rgb/classification/original/CuNi3/Humeda/IMG_20230609_141818.jpg,CuNi3
../data/rgb/classification/original/CuNi3/Humeda/IMG_20230609_141905.jpg,CuNi3
../data/rgb/classification/original/CuNi3/Humeda/IMG_20230609_141916.jpg,CuNi3
../data/rgb/classification/original/CuNi3/Humeda/IMG_20230609_141932.jpg,CuNi3
../data/rgb/classification/original/CuNi3/Humeda/IMG_20230609_141956.jpg,CuNi3
../data/rgb/classification/original/CuNi3/Humeda/IMG_20230609_142007.jpg,CuNi3
../data/rgb/classification/original/CuNi3/Humeda/IMG_20230609_142018.jpg,CuNi3
../data/rgb/classification/original/CuNi3/Humeda/IMG_20230609_142028.jpg,CuNi3
../data/rgb/classification/original/CuNi3/Humeda/IMG_20230609_142039.jpg,CuNi3
../data/rgb/classification/original/CuNi3/Humeda/IMG_20230609_142114.jpg,CuNi3
../data/rgb/classification/original/CuNi3/Humeda/IMG_20230609_142123.jpg,CuNi3
../data/rgb/classification/original/CuNi3/Humeda/IMG_20230609_142136.jpg,CuNi3
../data/rgb/classification/original/CuNi3/Humeda/IMG_20230609_142146.jpg,CuNi3
../data/rgb/classification/original/CuNi3/Humeda/IMG_20230609_142155.jpg,CuNi3
../data/rgb/classification/original/CuNi3/Humeda/IMG_20230609_142213.jpg,CuNi3
../data/rgb/classification/original/CuNi3/Humeda/IMG_20230609_142223.jpg,CuNi3
../data/rgb/classification/original/CuNi3/Humeda/IMG_20230609_142235.jpg,CuNi3
