../imgs_results/rgb/train_dry/CuNi2/CuNi2_img_161314.jpg.png,CuNi2
../imgs_results/rgb/train_dry/CuNi2/CuNi2_img_182442.jpg.png,CuNi2
../imgs_results/rgb/train_dry/CuNi2/CuNi2_img_154559.jpg.png,CuNi2
../imgs_results/rgb/train_dry/CuNi2/CuNi2_img_161152.jpg.png,CuNi2
../imgs_results/rgb/train_dry/CuNi2/CuNi2_img_180226.jpg.png,CuNi2
../imgs_results/rgb/train_dry/CuNi2/CuNi2_img_174640.jpg.png,CuNi2
../imgs_results/rgb/train_dry/CuNi2/CuNi2_img_154102.jpg.png,CuNi2
../imgs_results/rgb/train_dry/CuNi2/CuNi2_img_170043.jpg.png,CuNi2
../imgs_results/rgb/train_dry/CuNi2/CuNi2_img_154734.jpg.png,CuNi2
../imgs_results/rgb/train_dry/CuNi2/CuNi2_img_161052.jpg.png,CuNi2
../imgs_results/rgb/train_dry/CuNi2/CuNi2_img_182700.jpg.png,CuNi2
../imgs_results/rgb/train_dry/CuNi2/CuNi2_img_182627.jpg.png,CuNi2
../imgs_results/rgb/train_dry/CuNi2/CuNi2_img_163719.jpg.png,CuNi2
../imgs_results/rgb/train_dry/CuNi2/CuNi2_img_154125.jpg.png,CuNi2
../imgs_results/rgb/train_dry/CuNi2/CuNi2_img_154229.jpg.png,CuNi2
../imgs_results/rgb/train_dry/CuNi2/CuNi2_img_182826.jpg.png,CuNi2
../imgs_results/rgb/train_dry/CuNi2/CuNi2_img_165738.jpg.png,CuNi2
../imgs_results/rgb/train_dry/CuNi2/CuNi2_img_174448.jpg.png,CuNi2
../imgs_results/rgb/train_dry/CuNi2/CuNi2_img_180552.jpg.png,CuNi2
../imgs_results/rgb/train_dry/CuNi2/CuNi2_img_163208.jpg.png,CuNi2
../imgs_results/rgb/train_dry/CuNi2/CuNi2_img_160930.jpg.png,CuNi2
../imgs_results/rgb/train_dry/CuNi2/CuNi2_img_161118.jpg.png,CuNi2
../imgs_results/rgb/train_dry/CuNi2/CuNi2_img_174729.jpg.png,CuNi2
../imgs_results/rgb/train_dry/CuNi2/CuNi2_img_170026.jpg.png,CuNi2
../imgs_results/rgb/train_dry/CuNi2/CuNi2_img_154912.jpg.png,CuNi2
../imgs_results/rgb/train_dry/CuNi2/CuNi2_img_163436.jpg.png,CuNi2
../imgs_results/rgb/train_dry/CuNi2/CuNi2_img_165713.jpg.png,CuNi2
../imgs_results/rgb/train_dry/CuNi2/CuNi2_img_154839.jpg.png,CuNi2
../imgs_results/rgb/train_dry/CuNi2/CuNi2_img_182423.jpg.png,CuNi2
../imgs_results/rgb/train_dry/CuNi2/CuNi2_img_174355.jpg.png,CuNi2
../imgs_results/rgb/train_dry/CuNi2/CuNi2_img_174629.jpg.png,CuNi2
../imgs_results/rgb/train_dry/CuNi2/CuNi2_img_160830.jpg.png,CuNi2
../imgs_results/rgb/train_dry/CuNi2/CuNi2_img_182500.jpg.png,CuNi2
../imgs_results/rgb/train_dry/CuNi2/CuNi2_img_154206.jpg.png,CuNi2
../imgs_results/rgb/train_dry/CuNi2/CuNi2_img_170037.jpg.png,CuNi2
../imgs_results/rgb/train_dry/CuNi2/CuNi2_img_154425.jpg.png,CuNi2
../imgs_results/rgb/train_dry/CuNi2/CuNi2_img_170114.jpg.png,CuNi2
../imgs_results/rgb/train_dry/CuNi2/CuNi2_img_180356.jpg.png,CuNi2
../imgs_results/rgb/train_dry/CuNi2/CuNi2_img_182837.jpg.png,CuNi2
../imgs_results/rgb/train_dry/CuNi2/CuNi2_img_163332.jpg.png,CuNi2
../imgs_results/rgb/train_dry/CuNi2/CuNi2_img_180547.jpg.png,CuNi2
../imgs_results/rgb/train_dry/CuNi2/CuNi2_img_182419.jpg.png,CuNi2
../imgs_results/rgb/train_dry/CuNi2/CuNi2_img_154907.jpg.png,CuNi2
../imgs_results/rgb/train_dry/CuNi2/CuNi2_img_163236.jpg.png,CuNi2
../imgs_results/rgb/train_dry/CuNi2/CuNi2_img_161122.jpg.png,CuNi2
../imgs_results/rgb/train_dry/CuNi2/CuNi2_img_182519.jpg.png,CuNi2
../imgs_results/rgb/train_dry/CuNi2/CuNi2_img_161309.jpg.png,CuNi2
../imgs_results/rgb/train_dry/CuNi2/CuNi2_img_163257.jpg.png,CuNi2
../imgs_results/rgb/train_dry/CuNi2/CuNi2_img_180505.jpg.png,CuNi2
../imgs_results/rgb/train_dry/CuNi2/CuNi2_img_154702.jpg.png,CuNi2
../imgs_results/rgb/train_dry/CuNi2/CuNi2_img_182619.jpg.png,CuNi2
../imgs_results/rgb/train_dry/CuNi2/CuNi2_img_154038.jpg.png,CuNi2
../imgs_results/rgb/train_dry/CuNi2/CuNi2_img_174321.jpg.png,CuNi2
../imgs_results/rgb/train_dry/CuNi2/CuNi2_img_180405.jpg.png,CuNi2
../imgs_results/rgb/train_dry/CuNi2/CuNi2_img_161043.jpg.png,CuNi2
../imgs_results/rgb/train_dry/CuNi2/CuNi2_img_165744.jpg.png,CuNi2
../imgs_results/rgb/train_dry/CuNi2/CuNi2_img_161201.jpg.png,CuNi2
../imgs_results/rgb/train_dry/CuNi2/CuNi2_img_174517.jpg.png,CuNi2
../imgs_results/rgb/train_dry/CuNi2/CuNi2_img_161205.jpg.png,CuNi2
../imgs_results/rgb/train_dry/CuNi2/CuNi2_img_170056.jpg.png,CuNi2
../imgs_results/rgb/train_dry/CuNi2/CuNi2_img_174434.jpg.png,CuNi2
../imgs_results/rgb/train_dry/CuNi2/CuNi2_img_165948.jpg.png,CuNi2
../imgs_results/rgb/train_dry/CuNi2/CuNi2_img_154745.jpg.png,CuNi2
../imgs_results/rgb/train_dry/CuNi2/CuNi2_img_174735.jpg.png,CuNi2
../imgs_results/rgb/train_dry/CuNi2/CuNi2_img_174454.jpg.png,CuNi2
../imgs_results/rgb/train_dry/CuNi2/CuNi2_img_154420.jpg.png,CuNi2
../imgs_results/rgb/train_dry/CuNi2/CuNi2_img_154929.jpg.png,CuNi2
../imgs_results/rgb/train_dry/CuNi2/CuNi2_img_154158.jpg.png,CuNi2
../imgs_results/rgb/train_dry/CuNi2/CuNi2_img_182533.jpg.png,CuNi2
../imgs_results/rgb/train_dry/CuNi2/CuNi2_img_174716.jpg.png,CuNi2
../imgs_results/rgb/train_dry/CuNi2/CuNi2_img_174349.jpg.png,CuNi2
../imgs_results/rgb/train_dry/CuNi2/CuNi2_img_163509.jpg.png,CuNi2
../imgs_results/rgb/train_dry/CuNi2/CuNi2_img_165624.jpg.png,CuNi2
../imgs_results/rgb/train_dry/CuNi2/CuNi2_img_154212.jpg.png,CuNi2
../imgs_results/rgb/train_dry/CuNi2/CuNi2_img_165703.jpg.png,CuNi2
../imgs_results/rgb/train_dry/CuNi2/CuNi2_img_182514.jpg.png,CuNi2
../imgs_results/rgb/train_dry/CuNi2/CuNi2_img_161246.jpg.png,CuNi2
../imgs_results/rgb/train_dry/CuNi2/CuNi2_img_165821.jpg.png,CuNi2
../imgs_results/rgb/train_dry/CuNi2/CuNi2_img_174531.jpg.png,CuNi2
../imgs_results/rgb/train_dry/CuNi2/CuNi2_img_161304.jpg.png,CuNi2
../imgs_results/rgb/train_dry/CuNi2/CuNi2_img_180500.jpg.png,CuNi2
../imgs_results/rgb/train_dry/CuNi2/CuNi2_img_163609.jpg.png,CuNi2
../imgs_results/rgb/train_dry/CuNi2/CuNi2_img_180408.jpg.png,CuNi2
../imgs_results/rgb/train_dry/CuNi2/CuNi2_img_163352.jpg.png,CuNi2
../imgs_results/rgb/train_dry/CuNi2/CuNi2_img_182714.jpg.png,CuNi2
../imgs_results/rgb/train_dry/CuNi2/CuNi2_img_182710.jpg.png,CuNi2
../imgs_results/rgb/train_dry/CuNi2/CuNi2_img_182601.jpg.png,CuNi2
../imgs_results/rgb/train_dry/CuNi2/CuNi2_img_174339.jpg.png,CuNi2
../imgs_results/rgb/train_dry/CuNi2/CuNi2_img_160858.jpg.png,CuNi2
../imgs_results/rgb/train_dry/CuNi2/CuNi2_img_165913.jpg.png,CuNi2
../imgs_results/rgb/train_dry/CuNi2/CuNi2_img_154859.jpg.png,CuNi2
../imgs_results/rgb/train_dry/CuNi2/CuNi2_img_174335.jpg.png,CuNi2
../imgs_results/rgb/train_dry/CuNi2/CuNi2_img_154345.jpg.png,CuNi2
../imgs_results/rgb/train_dry/CuNi2/CuNi2_img_160950.jpg.png,CuNi2
../imgs_results/rgb/train_dry/CuNi2/CuNi2_img_161215.jpg.png,CuNi2
../imgs_results/rgb/train_dry/CuNi2/CuNi2_img_161211.jpg.png,CuNi2
../imgs_results/rgb/train_dry/CuNi2/CuNi2_img_165754.jpg.png,CuNi2
../imgs_results/rgb/train_dry/CuNi2/CuNi2_img_163656.jpg.png,CuNi2
../imgs_results/rgb/train_dry/CuNi2/CuNi2_img_182643.jpg.png,CuNi2
../imgs_results/rgb/train_dry/CuNi2/CuNi2_img_154750.jpg.png,CuNi2
../imgs_results/rgb/train_dry/CuNi2/CuNi2_img_165959.jpg.png,CuNi2
../imgs_results/rgb/train_dry/CuNi2/CuNi2_img_160835.jpg.png,CuNi2
../imgs_results/rgb/train_dry/CuNi2/CuNi2_img_182426.jpg.png,CuNi2
../imgs_results/rgb/train_dry/CuNi2/CuNi2_img_161019.jpg.png,CuNi2
../imgs_results/rgb/train_dry/CuNi2/CuNi2_img_180242.jpg.png,CuNi2
../imgs_results/rgb/train_dry/CuNi2/CuNi2_img_174358.jpg.png,CuNi2
../imgs_results/rgb/train_dry/CuNi2/CuNi2_img_180457.jpg.png,CuNi2
../imgs_results/rgb/train_dry/CuNi2/CuNi2_img_163514.jpg.png,CuNi2
../imgs_results/rgb/train_dry/CuNi2/CuNi2_img_161006.jpg.png,CuNi2
../imgs_results/rgb/train_dry/CuNi2/CuNi2_img_163316.jpg.png,CuNi2
../imgs_results/rgb/train_dry/CuNi2/CuNi2_img_174714.jpg.png,CuNi2
../imgs_results/rgb/train_dry/CuNi2/CuNi2_img_182750.jpg.png,CuNi2
../imgs_results/rgb/train_dry/CuNi2/CuNi2_img_180251.jpg.png,CuNi2
../imgs_results/rgb/train_dry/CuNi2/CuNi2_img_174633.jpg.png,CuNi2
../imgs_results/rgb/train_dry/CuNi2/CuNi2_img_182512.jpg.png,CuNi2
../imgs_results/rgb/train_dry/CuNi2/CuNi2_img_174552.jpg.png,CuNi2
../imgs_results/rgb/train_dry/CuNi2/CuNi2_img_174718.jpg.png,CuNi2
../imgs_results/rgb/train_dry/CuNi2/CuNi2_img_154923.jpg.png,CuNi2
../imgs_results/rgb/train_dry/CuNi2/CuNi2_img_163407.jpg.png,CuNi2
../imgs_results/rgb/train_dry/CuNi2/CuNi2_img_180351.jpg.png,CuNi2
../imgs_results/rgb/train_dry/CuNi2/CuNi2_img_180544.jpg.png,CuNi2
../imgs_results/rgb/train_dry/CuNi2/CuNi2_img_170034.jpg.png,CuNi2
../imgs_results/rgb/train_dry/CuNi2/CuNi2_img_165942.jpg.png,CuNi2
../imgs_results/rgb/train_dry/CuNi2/CuNi2_img_174618.jpg.png,CuNi2
../imgs_results/rgb/train_dry/CuNi2/CuNi2_img_163645.jpg.png,CuNi2
../imgs_results/rgb/train_dry/CuNi2/CuNi2_img_163549.jpg.png,CuNi2
../imgs_results/rgb/train_dry/CuNi2/CuNi2_img_163707.jpg.png,CuNi2
../imgs_results/rgb/train_dry/CuNi2/CuNi2_img_165927.jpg.png,CuNi2
../imgs_results/rgb/train_dry/CuNi2/CuNi2_img_174437.jpg.png,CuNi2
../imgs_results/rgb/train_dry/CuNi2/CuNi2_img_154133.jpg.png,CuNi2
../imgs_results/rgb/train_dry/CuNi2/CuNi2_img_154726.jpg.png,CuNi2
../imgs_results/rgb/train_dry/CuNi2/CuNi2_img_165647.jpg.png,CuNi2
../imgs_results/rgb/train_dry/CuNi2/CuNi2_img_160847.jpg.png,CuNi2
../imgs_results/rgb/train_dry/CuNi2/CuNi2_img_160843.jpg.png,CuNi2
../imgs_results/rgb/train_dry/CuNi2/CuNi2_img_180238.jpg.png,CuNi2
../imgs_results/rgb/train_dry/CuNi2/CuNi2_img_180502.jpg.png,CuNi2
../imgs_results/rgb/train_dry/CuNi2/CuNi2_img_163250.jpg.png,CuNi2
../imgs_results/rgb/train_dry/CuNi2/CuNi2_img_154110.jpg.png,CuNi2
../imgs_results/rgb/train_dry/CuNi2/CuNi2_img_180230.jpg.png,CuNi2
../imgs_results/rgb/train_dry/CuNi2/CuNi2_img_182458.jpg.png,CuNi2
../imgs_results/rgb/train_dry/CuNi2/CuNi2_img_180234.jpg.png,CuNi2
../imgs_results/rgb/train_dry/CuNi2/CuNi2_img_154033.jpg.png,CuNi2
../imgs_results/rgb/train_dry/CuNi2/CuNi2_img_163345.jpg.png,CuNi2
../imgs_results/rgb/train_dry/CuNi2/CuNi2_img_154614.jpg.png,CuNi2
../imgs_results/rgb/train_dry/CuNi2/CuNi2_img_161055.jpg.png,CuNi2
../imgs_results/rgb/train_dry/CuNi2/CuNi2_img_163716.jpg.png,CuNi2
../imgs_results/rgb/train_dry/CuNi2/CuNi2_img_154243.jpg.png,CuNi2
../imgs_results/rgb/train_dry/CuNi2/CuNi2_img_163349.jpg.png,CuNi2
../imgs_results/rgb/train_dry/CuNi2/CuNi2_img_165932.jpg.png,CuNi2
../imgs_results/rgb/train_dry/CuNi2/CuNi2_img_180538.jpg.png,CuNi2
../imgs_results/rgb/train_dry/CuNi2/CuNi2_img_163712.jpg.png,CuNi2
../imgs_results/rgb/train_dry/CuNi2/CuNi2_img_174647.jpg.png,CuNi2
../imgs_results/rgb/train_dry/CuNi2/CuNi2_img_182607.jpg.png,CuNi2
../imgs_results/rgb/train_dry/CuNi2/CuNi2_img_154633.jpg.png,CuNi2
../imgs_results/rgb/train_dry/CuNi2/CuNi2_img_163241.jpg.png,CuNi2
../imgs_results/rgb/train_dry/CuNi2/CuNi2_img_182728.jpg.png,CuNi2
../imgs_results/rgb/train_dry/CuNi2/CuNi2_img_170140.jpg.png,CuNi2
../imgs_results/rgb/train_dry/CuNi2/CuNi2_img_174543.jpg.png,CuNi2
../imgs_results/rgb/train_dry/CuNi2/CuNi2_img_165710.jpg.png,CuNi2
../imgs_results/rgb/train_dry/CuNi2/CuNi2_img_165637.jpg.png,CuNi2
../imgs_results/rgb/train_dry/CuNi2/CuNi2_img_170121.jpg.png,CuNi2
../imgs_results/rgb/train_dry/CuNi2/CuNi2_img_180248.jpg.png,CuNi2
../imgs_results/rgb/train_dry/CuNi2/CuNi2_img_174352.jpg.png,CuNi2
../imgs_results/rgb/train_dry/CuNi2/CuNi2_img_154410.jpg.png,CuNi2
../imgs_results/rgb/train_dry/CuNi2/CuNi2_img_182741.jpg.png,CuNi2
../imgs_results/rgb/train_dry/CuNi2/CuNi2_img_180455.jpg.png,CuNi2
../imgs_results/rgb/train_dry/CuNi2/CuNi2_img_174705.jpg.png,CuNi2
../imgs_results/rgb/train_dry/CuNi2/CuNi2_img_182806.jpg.png,CuNi2
../imgs_results/rgb/train_dry/CuNi2/CuNi2_img_170129.jpg.png,CuNi2
../imgs_results/rgb/train_dry/CuNi2/CuNi2_img_182428.jpg.png,CuNi2
../imgs_results/rgb/train_dry/CuNi2/CuNi2_img_161130.jpg.png,CuNi2
../imgs_results/rgb/train_dry/CuNi2/CuNi2_img_182829.jpg.png,CuNi2
../imgs_results/rgb/train_dry/CuNi2/CuNi2_img_180555.jpg.png,CuNi2
../imgs_results/rgb/train_dry/CuNi2/CuNi2_img_154815.jpg.png,CuNi2
../imgs_results/rgb/train_dry/CuNi2/CuNi2_img_174726.jpg.png,CuNi2
../imgs_results/rgb/train_dry/CuNi2/CuNi2_img_163324.jpg.png,CuNi2
../imgs_results/rgb/train_dry/CuNi2/CuNi2_img_180328.jpg.png,CuNi2
../imgs_results/rgb/train_dry/CuNi2/CuNi2_img_165810.jpg.png,CuNi2
../imgs_results/rgb/train_dry/CuNi2/CuNi2_img_170041.jpg.png,CuNi2
../imgs_results/rgb/train_dry/CuNi2/CuNi2_img_154619.jpg.png,CuNi2
../imgs_results/rgb/train_dry/CuNi2/CuNi2_img_154611.jpg.png,CuNi2
../imgs_results/rgb/train_dry/CuNi2/CuNi2_img_180531.jpg.png,CuNi2
../imgs_results/rgb/train_dry/CuNi2/CuNi2_img_160853.jpg.png,CuNi2
../imgs_results/rgb/train_dry/CuNi2/CuNi2_img_174523.jpg.png,CuNi2
../imgs_results/rgb/train_dry/CuNi2/CuNi2_img_161158.jpg.png,CuNi2
../imgs_results/rgb/train_dry/CuNi2/CuNi2_img_180512.jpg.png,CuNi2
../imgs_results/rgb/train_dry/CuNi2/CuNi2_img_182721.jpg.png,CuNi2
../imgs_results/rgb/train_dry/CuNi2/CuNi2_img_174623.jpg.png,CuNi2
../imgs_results/rgb/train_dry/CuNi2/CuNi2_img_161012.jpg.png,CuNi2
../imgs_results/rgb/train_dry/CuNi2/CuNi2_img_154046.jpg.png,CuNi2
../imgs_results/rgb/train_dry/CuNi2/CuNi2_img_163430.jpg.png,CuNi2
../imgs_results/rgb/train_dry/CuNi2/CuNi2_img_163225.jpg.png,CuNi2
../imgs_results/rgb/train_dry/CuNi2/CuNi2_img_161254.jpg.png,CuNi2
../imgs_results/rgb/train_dry/CuNi2/CuNi2_img_174357.jpg.png,CuNi2
../imgs_results/rgb/train_dry/CuNi2/CuNi2_img_154415.jpg.png,CuNi2
../imgs_results/rgb/train_dry/CuNi2/CuNi2_img_163229.jpg.png,CuNi2
../imgs_results/rgb/train_dry/CuNi2/CuNi2_img_161112.jpg.png,CuNi2
../imgs_results/rgb/train_dry/CuNi2/CuNi2_img_180341.jpg.png,CuNi2
../imgs_results/rgb/train_dry/CuNi2/CuNi2_img_182824.jpg.png,CuNi2
../imgs_results/rgb/train_dry/CuNi2/CuNi2_img_182820.jpg.png,CuNi2
../imgs_results/rgb/train_dry/CuNi2/CuNi2_img_154223.jpg.png,CuNi2
../imgs_results/rgb/train_dry/CuNi2/CuNi2_img_170135.jpg.png,CuNi2
../imgs_results/rgb/train_dry/CuNi2/CuNi2_img_154400.jpg.png,CuNi2
../imgs_results/rgb/train_dry/CuNi2/CuNi2_img_174346.jpg.png,CuNi2
../imgs_results/rgb/train_dry/CuNi2/CuNi2_img_182517.jpg.png,CuNi2
../imgs_results/rgb/train_dry/CuNi2/CuNi2_img_180449.jpg.png,CuNi2
../imgs_results/rgb/train_dry/CuNi2/CuNi2_img_154053.jpg.png,CuNi2
../imgs_results/rgb/train_dry/CuNi2/CuNi2_img_174711.jpg.png,CuNi2
../imgs_results/rgb/train_dry/CuNi2/CuNi2_img_182816.jpg.png,CuNi2
../imgs_results/rgb/train_dry/CuNi2/CuNi2_img_154642.jpg.png,CuNi2
../imgs_results/rgb/train_dry/CuNi2/CuNi2_img_180549.jpg.png,CuNi2
../imgs_results/rgb/train_dry/CuNi2/CuNi2_img_154236.jpg.png,CuNi2
../imgs_results/rgb/train_dry/CuNi2/CuNi2_img_161107.jpg.png,CuNi2
../imgs_results/rgb/train_dry/CuNi2/CuNi2_img_163217.jpg.png,CuNi2
../imgs_results/rgb/train_dry/CuNi2/CuNi2_img_180216.jpg.png,CuNi2
../imgs_results/rgb/train_dry/CuNi2/CuNi2_img_163540.jpg.png,CuNi2
../imgs_results/rgb/train_dry/CuNi2/CuNi2_img_154608.jpg.png,CuNi2
../imgs_results/rgb/train_dry/CuNi2/CuNi2_img_163702.jpg.png,CuNi2
../imgs_results/rgb/train_dry/CuNi2/CuNi2_img_165801.jpg.png,CuNi2
../imgs_results/rgb/train_dry/CuNi2/CuNi2_img_182555.jpg.png,CuNi2
../imgs_results/rgb/train_dry/CuNi2/CuNi2_img_161207.jpg.png,CuNi2
../imgs_results/rgb/train_dry/CuNi2/CuNi2_img_163440.jpg.png,CuNi2
../imgs_results/rgb/train_dry/CuNi2/CuNi2_img_182734.jpg.png,CuNi2
../imgs_results/rgb/train_dry/CuNi2/CuNi2_img_163725.jpg.png,CuNi2
../imgs_results/rgb/train_dry/CuNi2/CuNi2_img_174415.jpg.png,CuNi2
../imgs_results/rgb/train_dry/CuNi2/CuNi2_img_163448.jpg.png,CuNi2
../imgs_results/rgb/train_dry/CuNi2/CuNi2_img_170154.jpg.png,CuNi2
../imgs_results/rgb/train_dry/CuNi2/CuNi2_img_165901.jpg.png,CuNi2
../imgs_results/rgb/train_dry/CuNi1/CuNi1_img_164655.jpg.png,CuNi1
../imgs_results/rgb/train_dry/CuNi1/CuNi1_img_191631.jpg.png,CuNi1
../imgs_results/rgb/train_dry/CuNi1/CuNi1_img_161859.jpg.png,CuNi1
../imgs_results/rgb/train_dry/CuNi1/CuNi1_img_174246.jpg.png,CuNi1
../imgs_results/rgb/train_dry/CuNi1/CuNi1_img_180703.jpg.png,CuNi1
../imgs_results/rgb/train_dry/CuNi1/CuNi1_img_191639.jpg.png,CuNi1
../imgs_results/rgb/train_dry/CuNi1/CuNi1_img_164048.jpg.png,CuNi1
../imgs_results/rgb/train_dry/CuNi1/CuNi1_img_174100.jpg.png,CuNi1
../imgs_results/rgb/train_dry/CuNi1/CuNi1_img_185313.jpg.png,CuNi1
../imgs_results/rgb/train_dry/CuNi1/CuNi1_img_184632.jpg.png,CuNi1
../imgs_results/rgb/train_dry/CuNi1/CuNi1_img_164229.jpg.png,CuNi1
../imgs_results/rgb/train_dry/CuNi1/CuNi1_img_180948.jpg.png,CuNi1
../imgs_results/rgb/train_dry/CuNi1/CuNi1_img_191612.jpg.png,CuNi1
../imgs_results/rgb/train_dry/CuNi1/CuNi1_img_170724.jpg.png,CuNi1
../imgs_results/rgb/train_dry/CuNi1/CuNi1_img_184719.jpg.png,CuNi1
../imgs_results/rgb/train_dry/CuNi1/CuNi1_img_173843.jpg.png,CuNi1
../imgs_results/rgb/train_dry/CuNi1/CuNi1_img_184557.jpg.png,CuNi1
../imgs_results/rgb/train_dry/CuNi1/CuNi1_img_164430.jpg.png,CuNi1
../imgs_results/rgb/train_dry/CuNi1/CuNi1_img_191454.jpg.png,CuNi1
../imgs_results/rgb/train_dry/CuNi1/CuNi1_img_171201.jpg.png,CuNi1
../imgs_results/rgb/train_dry/CuNi1/CuNi1_img_191758.jpg.png,CuNi1
../imgs_results/rgb/train_dry/CuNi1/CuNi1_img_185130.jpg.png,CuNi1
../imgs_results/rgb/train_dry/CuNi1/CuNi1_img_170741.jpg.png,CuNi1
../imgs_results/rgb/train_dry/CuNi1/CuNi1_img_170921.jpg.png,CuNi1
../imgs_results/rgb/train_dry/CuNi1/CuNi1_img_180420.jpg.png,CuNi1
../imgs_results/rgb/train_dry/CuNi1/CuNi1_img_185251.jpg.png,CuNi1
../imgs_results/rgb/train_dry/CuNi1/CuNi1_img_171105.jpg.png,CuNi1
../imgs_results/rgb/train_dry/CuNi1/CuNi1_img_173523.jpg.png,CuNi1
../imgs_results/rgb/train_dry/CuNi1/CuNi1_img_185138.jpg.png,CuNi1
../imgs_results/rgb/train_dry/CuNi1/CuNi1_img_161750.jpg.png,CuNi1
../imgs_results/rgb/train_dry/CuNi1/CuNi1_img_184818.jpg.png,CuNi1
../imgs_results/rgb/train_dry/CuNi1/CuNi1_img_180645.jpg.png,CuNi1
../imgs_results/rgb/train_dry/CuNi1/CuNi1_img_170821.jpg.png,CuNi1
../imgs_results/rgb/train_dry/CuNi1/CuNi1_img_180528.jpg.png,CuNi1
../imgs_results/rgb/train_dry/CuNi1/CuNi1_img_170906.jpg.png,CuNi1
../imgs_results/rgb/train_dry/CuNi1/CuNi1_img_184814.jpg.png,CuNi1
../imgs_results/rgb/train_dry/CuNi1/CuNi1_img_173500.jpg.png,CuNi1
../imgs_results/rgb/train_dry/CuNi1/CuNi1_img_191328.jpg.png,CuNi1
../imgs_results/rgb/train_dry/CuNi1/CuNi1_img_161741.jpg.png,CuNi1
../imgs_results/rgb/train_dry/CuNi1/CuNi1_img_185240.jpg.png,CuNi1
../imgs_results/rgb/train_dry/CuNi1/CuNi1_img_191921.jpg.png,CuNi1
../imgs_results/rgb/train_dry/CuNi1/CuNi1_img_171118.jpg.png,CuNi1
../imgs_results/rgb/train_dry/CuNi1/CuNi1_img_162332.jpg.png,CuNi1
../imgs_results/rgb/train_dry/CuNi1/CuNi1_img_162153.jpg.png,CuNi1
../imgs_results/rgb/train_dry/CuNi1/CuNi1_img_162319.jpg.png,CuNi1
../imgs_results/rgb/train_dry/CuNi1/CuNi1_img_161906.jpg.png,CuNi1
../imgs_results/rgb/train_dry/CuNi1/CuNi1_img_191821.jpg.png,CuNi1
../imgs_results/rgb/train_dry/CuNi1/CuNi1_img_180416.jpg.png,CuNi1
../imgs_results/rgb/train_dry/CuNi1/CuNi1_img_164706.jpg.png,CuNi1
../imgs_results/rgb/train_dry/CuNi1/CuNi1_img_191407.jpg.png,CuNi1
../imgs_results/rgb/train_dry/CuNi1/CuNi1_img_185102.jpg.png,CuNi1
../imgs_results/rgb/train_dry/CuNi1/CuNi1_img_173933.jpg.png,CuNi1
../imgs_results/rgb/train_dry/CuNi1/CuNi1_img_162311.jpg.png,CuNi1
../imgs_results/rgb/train_dry/CuNi1/CuNi1_img_180650.jpg.png,CuNi1
../imgs_results/rgb/train_dry/CuNi1/CuNi1_img_173757.jpg.png,CuNi1
../imgs_results/rgb/train_dry/CuNi1/CuNi1_img_180834.jpg.png,CuNi1
../imgs_results/rgb/train_dry/CuNi1/CuNi1_img_191350.jpg.png,CuNi1
../imgs_results/rgb/train_dry/CuNi1/CuNi1_img_174253.jpg.png,CuNi1
../imgs_results/rgb/train_dry/CuNi1/CuNi1_img_164521.jpg.png,CuNi1
../imgs_results/rgb/train_dry/CuNi1/CuNi1_img_180855.jpg.png,CuNi1
../imgs_results/rgb/train_dry/CuNi1/CuNi1_img_164648.jpg.png,CuNi1
../imgs_results/rgb/train_dry/CuNi1/CuNi1_img_180851.jpg.png,CuNi1
../imgs_results/rgb/train_dry/CuNi1/CuNi1_img_162019.jpg.png,CuNi1
../imgs_results/rgb/train_dry/CuNi1/CuNi1_img_162011.jpg.png,CuNi1
../imgs_results/rgb/train_dry/CuNi1/CuNi1_img_174132.jpg.png,CuNi1
../imgs_results/rgb/train_dry/CuNi1/CuNi1_img_180859.jpg.png,CuNi1
../imgs_results/rgb/train_dry/CuNi1/CuNi1_img_191624.jpg.png,CuNi1
../imgs_results/rgb/train_dry/CuNi1/CuNi1_img_162136.jpg.png,CuNi1
../imgs_results/rgb/train_dry/CuNi1/CuNi1_img_180639.jpg.png,CuNi1
../imgs_results/rgb/train_dry/CuNi1/CuNi1_img_164644.jpg.png,CuNi1
../imgs_results/rgb/train_dry/CuNi1/CuNi1_img_171210.jpg.png,CuNi1
../imgs_results/rgb/train_dry/CuNi1/CuNi1_img_191250.jpg.png,CuNi1
../imgs_results/rgb/train_dry/CuNi1/CuNi1_img_184708.jpg.png,CuNi1
../imgs_results/rgb/train_dry/CuNi1/CuNi1_img_170735.jpg.png,CuNi1
../imgs_results/rgb/train_dry/CuNi1/CuNi1_img_191603.jpg.png,CuNi1
../imgs_results/rgb/train_dry/CuNi1/CuNi1_img_191258.jpg.png,CuNi1
../imgs_results/rgb/train_dry/CuNi1/CuNi1_img_191234.jpg.png,CuNi1
../imgs_results/rgb/train_dry/CuNi1/CuNi1_img_185003.jpg.png,CuNi1
../imgs_results/rgb/train_dry/CuNi1/CuNi1_img_180755.jpg.png,CuNi1
../imgs_results/rgb/train_dry/CuNi1/CuNi1_img_163955.jpg.png,CuNi1
../imgs_results/rgb/train_dry/CuNi1/CuNi1_img_180751.jpg.png,CuNi1
../imgs_results/rgb/train_dry/CuNi1/CuNi1_img_180434.jpg.png,CuNi1
../imgs_results/rgb/train_dry/CuNi1/CuNi1_img_173533.jpg.png,CuNi1
../imgs_results/rgb/train_dry/CuNi1/CuNi1_img_180759.jpg.png,CuNi1
../imgs_results/rgb/train_dry/CuNi1/CuNi1_img_171111.jpg.png,CuNi1
../imgs_results/rgb/train_dry/CuNi1/CuNi1_img_170916.jpg.png,CuNi1
../imgs_results/rgb/train_dry/CuNi1/CuNi1_img_164541.jpg.png,CuNi1
../imgs_results/rgb/train_dry/CuNi1/CuNi1_img_180659.jpg.png,CuNi1
../imgs_results/rgb/train_dry/CuNi1/CuNi1_img_191903.jpg.png,CuNi1
../imgs_results/rgb/train_dry/CuNi1/CuNi1_img_171132.jpg.png,CuNi1
../imgs_results/rgb/train_dry/CuNi1/CuNi1_img_181011.jpg.png,CuNi1
../imgs_results/rgb/train_dry/CuNi1/CuNi1_img_191841.jpg.png,CuNi1
../imgs_results/rgb/train_dry/CuNi1/CuNi1_img_170551.jpg.png,CuNi1
../imgs_results/rgb/train_dry/CuNi1/CuNi1_img_164528.jpg.png,CuNi1
../imgs_results/rgb/train_dry/CuNi1/CuNi1_img_180630.jpg.png,CuNi1
../imgs_results/rgb/train_dry/CuNi1/CuNi1_img_185041.jpg.png,CuNi1
../imgs_results/rgb/train_dry/CuNi1/CuNi1_img_171311.jpg.png,CuNi1
../imgs_results/rgb/train_dry/CuNi1/CuNi1_img_164216.jpg.png,CuNi1
../imgs_results/rgb/train_dry/CuNi1/CuNi1_img_191725.jpg.png,CuNi1
../imgs_results/rgb/train_dry/CuNi1/CuNi1_img_174033.jpg.png,CuNi1
../imgs_results/rgb/train_dry/CuNi1/CuNi1_img_161725.jpg.png,CuNi1
../imgs_results/rgb/train_dry/CuNi1/CuNi1_img_170738.jpg.png,CuNi1
../imgs_results/rgb/train_dry/CuNi1/CuNi1_img_180738.jpg.png,CuNi1
../imgs_results/rgb/train_dry/CuNi1/CuNi1_img_163934.jpg.png,CuNi1
../imgs_results/rgb/train_dry/CuNi1/CuNi1_img_184547.jpg.png,CuNi1
../imgs_results/rgb/train_dry/CuNi1/CuNi1_img_173710.jpg.png,CuNi1
../imgs_results/rgb/train_dry/CuNi1/CuNi1_img_171336.jpg.png,CuNi1
../imgs_results/rgb/train_dry/CuNi1/CuNi1_img_164231.jpg.png,CuNi1
../imgs_results/rgb/train_dry/CuNi1/CuNi1_img_162456.jpg.png,CuNi1
../imgs_results/rgb/train_dry/CuNi1/CuNi1_img_164535.jpg.png,CuNi1
../imgs_results/rgb/train_dry/CuNi1/CuNi1_img_185054.jpg.png,CuNi1
../imgs_results/rgb/train_dry/CuNi1/CuNi1_img_170625.jpg.png,CuNi1
../imgs_results/rgb/train_dry/CuNi1/CuNi1_img_185050.jpg.png,CuNi1
../imgs_results/rgb/train_dry/CuNi1/CuNi1_img_180845.jpg.png,CuNi1
../imgs_results/rgb/train_dry/CuNi1/CuNi1_img_191854.jpg.png,CuNi1
../imgs_results/rgb/train_dry/CuNi1/CuNi1_img_161717.jpg.png,CuNi1
../imgs_results/rgb/train_dry/CuNi1/CuNi1_img_191713.jpg.png,CuNi1
../imgs_results/rgb/train_dry/CuNi1/CuNi1_img_164650.jpg.png,CuNi1
../imgs_results/rgb/train_dry/CuNi1/CuNi1_img_180941.jpg.png,CuNi1
../imgs_results/rgb/train_dry/CuNi1/CuNi1_img_164220.jpg.png,CuNi1
../imgs_results/rgb/train_dry/CuNi1/CuNi1_img_191244.jpg.png,CuNi1
../imgs_results/rgb/train_dry/CuNi1/CuNi1_img_164435.jpg.png,CuNi1
../imgs_results/rgb/train_dry/CuNi1/CuNi1_img_164224.jpg.png,CuNi1
../imgs_results/rgb/train_dry/CuNi1/CuNi1_img_164439.jpg.png,CuNi1
../imgs_results/rgb/train_dry/CuNi1/CuNi1_img_180729.jpg.png,CuNi1
../imgs_results/rgb/train_dry/CuNi1/CuNi1_img_162022.jpg.png,CuNi1
../imgs_results/rgb/train_dry/CuNi1/CuNi1_img_191248.jpg.png,CuNi1
../imgs_results/rgb/train_dry/CuNi1/CuNi1_img_161734.jpg.png,CuNi1
../imgs_results/rgb/train_dry/CuNi1/CuNi1_img_191734.jpg.png,CuNi1
../imgs_results/rgb/train_dry/CuNi1/CuNi1_img_161950.jpg.png,CuNi1
../imgs_results/rgb/train_dry/CuNi1/CuNi1_img_174209.jpg.png,CuNi1
../imgs_results/rgb/train_dry/CuNi1/CuNi1_img_171027.jpg.png,CuNi1
../imgs_results/rgb/train_dry/CuNi1/CuNi1_img_163948.jpg.png,CuNi1
../imgs_results/rgb/train_dry/CuNi1/CuNi1_img_170928.jpg.png,CuNi1
../imgs_results/rgb/train_dry/CuNi1/CuNi1_img_173526.jpg.png,CuNi1
../imgs_results/rgb/train_dry/CuNi1/CuNi1_img_162043.jpg.png,CuNi1
../imgs_results/rgb/train_dry/CuNi1/CuNi1_img_191751.jpg.png,CuNi1
../imgs_results/rgb/train_dry/CuNi1/CuNi1_img_174047.jpg.png,CuNi1
../imgs_results/rgb/train_dry/CuNi1/CuNi1_img_180425.jpg.png,CuNi1
../imgs_results/rgb/train_dry/CuNi1/CuNi1_img_180803.jpg.png,CuNi1
../imgs_results/rgb/train_dry/CuNi1/CuNi1_img_162201.jpg.png,CuNi1
../imgs_results/rgb/train_dry/CuNi1/CuNi1_img_162326.jpg.png,CuNi1
../imgs_results/rgb/train_dry/CuNi1/CuNi1_img_184919.jpg.png,CuNi1
../imgs_results/rgb/train_dry/CuNi1/CuNi1_img_180920.jpg.png,CuNi1
../imgs_results/rgb/train_dry/CuNi1/CuNi1_img_184533.jpg.png,CuNi1
../imgs_results/rgb/train_dry/CuNi1/CuNi1_img_171342.jpg.png,CuNi1
../imgs_results/rgb/train_dry/CuNi1/CuNi1_img_184811.jpg.png,CuNi1
../imgs_results/rgb/train_dry/CuNi1/CuNi1_img_161912.jpg.png,CuNi1
../imgs_results/rgb/train_dry/CuNi1/CuNi1_img_174305.jpg.png,CuNi1
../imgs_results/rgb/train_dry/CuNi1/CuNi1_img_162514.jpg.png,CuNi1
../imgs_results/rgb/train_dry/CuNi1/CuNi1_img_173923.jpg.png,CuNi1
../imgs_results/rgb/train_dry/CuNi1/CuNi1_img_171008.jpg.png,CuNi1
../imgs_results/rgb/train_dry/CuNi1/CuNi1_img_164554.jpg.png,CuNi1
../imgs_results/rgb/train_dry/CuNi1/CuNi1_img_174226.jpg.png,CuNi1
../imgs_results/rgb/train_dry/CuNi1/CuNi1_img_184514.jpg.png,CuNi1
../imgs_results/rgb/train_dry/CuNi1/CuNi1_img_184507.jpg.png,CuNi1
../imgs_results/rgb/train_dry/CuNi1/CuNi1_img_173813.jpg.png,CuNi1
../imgs_results/rgb/train_dry/CuNi1/CuNi1_img_173750.jpg.png,CuNi1
../imgs_results/rgb/train_dry/CuNi1/CuNi1_img_170914.jpg.png,CuNi1
../imgs_results/rgb/train_dry/CuNi1/CuNi1_img_161404.jpg.png,CuNi1
../imgs_results/rgb/train_dry/CuNi1/CuNi1_img_171251.jpg.png,CuNi1
../imgs_results/rgb/train_dry/CuNi1/CuNi1_img_180653.jpg.png,CuNi1
../imgs_results/rgb/train_dry/CuNi1/CuNi1_img_162158.jpg.png,CuNi1
../imgs_results/rgb/train_dry/CuNi1/CuNi1_img_191527.jpg.png,CuNi1
../imgs_results/rgb/train_dry/CuNi1/CuNi1_img_184806.jpg.png,CuNi1
../imgs_results/rgb/train_dry/CuNi1/CuNi1_img_164622.jpg.png,CuNi1
../imgs_results/rgb/train_dry/CuNi1/CuNi1_img_161822.jpg.png,CuNi1
../imgs_results/rgb/train_dry/CuNi1/CuNi1_img_171013.jpg.png,CuNi1
../imgs_results/rgb/train_dry/CuNi1/CuNi1_img_185109.jpg.png,CuNi1
../imgs_results/rgb/train_dry/CuNi1/CuNi1_img_185126.jpg.png,CuNi1
../imgs_results/rgb/train_dry/CuNi1/CuNi1_img_170753.jpg.png,CuNi1
../imgs_results/rgb/train_dry/CuNi1/CuNi1_img_164443.jpg.png,CuNi1
../imgs_results/rgb/train_dry/CuNi1/CuNi1_img_184641.jpg.png,CuNi1
../imgs_results/rgb/train_dry/CuNi1/CuNi1_img_164137.jpg.png,CuNi1
../imgs_results/rgb/train_dry/CuNi1/CuNi1_img_162054.jpg.png,CuNi1
../imgs_results/rgb/train_dry/CuNi1/CuNi1_img_184844.jpg.png,CuNi1
../imgs_results/rgb/train_dry/CuNi1/CuNi1_img_170732.jpg.png,CuNi1
../imgs_results/rgb/train_dry/CuNi1/CuNi1_img_171059.jpg.png,CuNi1
../imgs_results/rgb/train_dry/CuNi1/CuNi1_img_171213.jpg.png,CuNi1
../imgs_results/rgb/train_dry/CuNi1/CuNi1_img_170956.jpg.png,CuNi1
../imgs_results/rgb/train_dry/CuNi1/CuNi1_img_191253.jpg.png,CuNi1
../imgs_results/rgb/train_dry/CuNi1/CuNi1_img_184724.jpg.png,CuNi1
../imgs_results/rgb/train_dry/CuNi1/CuNi1_img_171155.jpg.png,CuNi1
../imgs_results/rgb/train_dry/CuNi1/CuNi1_img_184603.jpg.png,CuNi1
../imgs_results/rgb/train_dry/CuNi1/CuNi1_img_174258.jpg.png,CuNi1
../imgs_results/rgb/train_dry/CuNi1/CuNi1_img_191847.jpg.png,CuNi1
../imgs_results/rgb/train_dry/CuNi1/CuNi1_img_162016.jpg.png,CuNi1
../imgs_results/rgb/train_dry/CuNi1/CuNi1_img_170856.jpg.png,CuNi1
../imgs_results/rgb/train_dry/CuNi1/CuNi1_img_185209.jpg.png,CuNi1
../imgs_results/rgb/train_dry/CuNi1/CuNi1_img_164337.jpg.png,CuNi1
../imgs_results/rgb/train_dry/CuNi1/CuNi1_img_161353.jpg.png,CuNi1
../imgs_results/rgb/train_dry/CuNi1/CuNi1_img_191708.jpg.png,CuNi1
../imgs_results/rgb/train_dry/CuNi1/CuNi1_img_173955.jpg.png,CuNi1
../imgs_results/rgb/train_dry/CuNi1/CuNi1_img_191619.jpg.png,CuNi1
../imgs_results/rgb/train_dry/CuNi1/CuNi1_img_191457.jpg.png,CuNi1
../imgs_results/rgb/train_dry/CuNi1/CuNi1_img_184716.jpg.png,CuNi1
../imgs_results/rgb/train_dry/CuNi1/CuNi1_img_173848.jpg.png,CuNi1
../imgs_results/rgb/train_dry/CuNi1/CuNi1_img_173628.jpg.png,CuNi1
../imgs_results/rgb/train_dry/CuNi1/CuNi1_img_184712.jpg.png,CuNi1
../imgs_results/rgb/train_dry/CuNi1/CuNi1_img_185056.jpg.png,CuNi1
../imgs_results/rgb/train_dry/CuNi1/CuNi1_img_191342.jpg.png,CuNi1
../imgs_results/rgb/train_dry/CuNi1/CuNi1_img_180546.jpg.png,CuNi1
../imgs_results/rgb/train_dry/CuNi1/CuNi1_img_180542.jpg.png,CuNi1
../imgs_results/rgb/train_dry/CuNi1/CuNi1_img_164418.jpg.png,CuNi1
../imgs_results/rgb/train_dry/CuNi1/CuNi1_img_171125.jpg.png,CuNi1
../imgs_results/rgb/train_dry/CuNi1/CuNi1_img_161910.jpg.png,CuNi1
../imgs_results/rgb/train_dry/CuNi1/CuNi1_img_174145.jpg.png,CuNi1
../imgs_results/rgb/train_dry/CuNi1/CuNi1_img_181006.jpg.png,CuNi1
../imgs_results/rgb/train_dry/CuNi1/CuNi1_img_170909.jpg.png,CuNi1
../imgs_results/rgb/train_dry/CuNi1/CuNi1_img_162439.jpg.png,CuNi1
../imgs_results/rgb/train_dry/CuNi1/CuNi1_img_170826.jpg.png,CuNi1
../imgs_results/rgb/train_dry/CuNi1/CuNi1_img_162303.jpg.png,CuNi1
../imgs_results/rgb/train_dry/CuNi1/CuNi1_img_184938.jpg.png,CuNi1
../imgs_results/rgb/train_dry/CuNi1/CuNi1_img_162220.jpg.png,CuNi1
../imgs_results/rgb/train_dry/CuNi1/CuNi1_img_173802.jpg.png,CuNi1
../imgs_results/rgb/train_dry/CuNi1/CuNi1_img_180423.jpg.png,CuNi1
../imgs_results/rgb/train_dry/CuNi1/CuNi1_img_174041.jpg.png,CuNi1
../imgs_results/rgb/train_dry/CuNi1/CuNi1_img_171348.jpg.png,CuNi1
../imgs_results/rgb/train_dry/CuNi1/CuNi1_img_174328.jpg.png,CuNi1
../imgs_results/rgb/train_dry/CuNi1/CuNi1_img_162041.jpg.png,CuNi1
../imgs_results/rgb/train_dry/CuNi1/CuNi1_img_173520.jpg.png,CuNi1
../imgs_results/rgb/train_dry/CuNi1/CuNi1_img_180427.jpg.png,CuNi1
../imgs_results/rgb/train_dry/CuNi1/CuNi1_img_170809.jpg.png,CuNi1
../imgs_results/rgb/train_dry/CuNi1/CuNi1_img_191304.jpg.png,CuNi1
../imgs_results/rgb/train_dry/CuNi1/CuNi1_img_185010.jpg.png,CuNi1
../imgs_results/rgb/train_dry/CuNi1/CuNi1_img_180746.jpg.png,CuNi1
../imgs_results/rgb/train_dry/CuNi1/CuNi1_img_162207.jpg.png,CuNi1
../imgs_results/rgb/train_dry/CuNi1/CuNi1_img_174025.jpg.png,CuNi1
../imgs_results/rgb/train_dry/CuNi1/CuNi1_img_171320.jpg.png,CuNi1
../imgs_results/rgb/train_dry/CuNi1/CuNi1_img_164432.jpg.png,CuNi1
../imgs_results/rgb/train_dry/CuNi1/CuNi1_img_173702.jpg.png,CuNi1
../imgs_results/rgb/train_dry/CuNi1/CuNi1_img_164227.jpg.png,CuNi1
../imgs_results/rgb/train_dry/CuNi1/CuNi1_img_184954.jpg.png,CuNi1
../imgs_results/rgb/train_dry/CuNi1/CuNi1_img_180356.jpg.png,CuNi1
../imgs_results/rgb/train_dry/CuNi1/CuNi1_img_161853.jpg.png,CuNi1
../imgs_results/rgb/train_dry/CuNi1/CuNi1_img_185215.jpg.png,CuNi1
../imgs_results/rgb/train_dry/CuNi1/CuNi1_img_162248.jpg.png,CuNi1
../imgs_results/rgb/train_dry/CuNi1/CuNi1_img_173945.jpg.png,CuNi1
../imgs_results/rgb/train_dry/CuNi1/CuNi1_img_180842.jpg.png,CuNi1
../imgs_results/rgb/train_dry/CuNi1/CuNi1_img_164323.jpg.png,CuNi1
../imgs_results/rgb/train_dry/CuNi1/CuNi1_img_171149.jpg.png,CuNi1
../imgs_results/rgb/train_dry/CuNi1/CuNi1_img_164346.jpg.png,CuNi1
../imgs_results/rgb/train_dry/CuNi1/CuNi1_img_162148.jpg.png,CuNi1
../imgs_results/rgb/train_dry/CuNi1/CuNi1_img_180409.jpg.png,CuNi1
../imgs_results/rgb/train_dry/CuNi1/CuNi1_img_180647.jpg.png,CuNi1
../imgs_results/rgb/train_dry/CuNi1/CuNi1_img_171003.jpg.png,CuNi1
../imgs_results/rgb/train_dry/CuNi1/CuNi1_img_191832.jpg.png,CuNi1
../imgs_results/rgb/train_dry/CuNi1/CuNi1_img_173506.jpg.png,CuNi1
../imgs_results/rgb/train_dry/CuNi1/CuNi1_img_180743.jpg.png,CuNi1
../imgs_results/rgb/train_dry/CuNi1/CuNi1_img_173529.jpg.png,CuNi1
../imgs_results/rgb/train_dry/CuNi1/CuNi1_img_174202.jpg.png,CuNi1
../imgs_results/rgb/train_dry/CuNi1/CuNi1_img_170747.jpg.png,CuNi1
../imgs_results/rgb/train_dry/CuNi1/CuNi1_img_173640.jpg.png,CuNi1
../imgs_results/rgb/train_dry/CuNi1/CuNi1_img_191514.jpg.png,CuNi1
../imgs_results/rgb/train_dry/CuNi1/CuNi1_img_173648.jpg.png,CuNi1
../imgs_results/rgb/train_dry/CuNi1/CuNi1_img_164004.jpg.png,CuNi1
../imgs_results/rgb/train_dry/CuNi1/CuNi1_img_174044.jpg.png,CuNi1
../imgs_results/rgb/train_dry/CuNi1/CuNi1_img_164700.jpg.png,CuNi1
../imgs_results/rgb/train_dry/CuNi1/CuNi1_img_170919.jpg.png,CuNi1
../imgs_results/rgb/train_dry/CuNi1/CuNi1_img_173517.jpg.png,CuNi1
../imgs_results/rgb/train_dry/CuNi1/CuNi1_img_174155.jpg.png,CuNi1
../imgs_results/rgb/train_dry/CuNi1/CuNi1_img_162155.jpg.png,CuNi1
../imgs_results/rgb/train_dry/CuNi1/CuNi1_img_164036.jpg.png,CuNi1
../imgs_results/rgb/train_dry/CuNi1/CuNi1_img_162502.jpg.png,CuNi1
../imgs_results/rgb/train_dry/CuNi1/CuNi1_img_174313.jpg.png,CuNi1
../imgs_results/rgb/train_dry/CuNi1/CuNi1_img_191337.jpg.png,CuNi1
../imgs_results/rgb/train_dry/CuNi1/CuNi1_img_164546.jpg.png,CuNi1
../imgs_results/rgb/train_dry/CuNi1/CuNi1_img_162425.jpg.png,CuNi1
../imgs_results/rgb/train_dry/CuNi1/CuNi1_img_191401.jpg.png,CuNi1
../imgs_results/rgb/train_dry/CuNi1/CuNi1_img_184824.jpg.png,CuNi1
../imgs_results/rgb/train_dry/CuNi1/CuNi1_img_173839.jpg.png,CuNi1
../imgs_results/rgb/train_dry/CuNi1/CuNi1_img_161923.jpg.png,CuNi1
../imgs_results/rgb/train_dry/CuNi1/CuNi1_img_184529.jpg.png,CuNi1
../imgs_results/rgb/train_dry/CuNi1/CuNi1_img_161804.jpg.png,CuNi1
../imgs_results/rgb/train_dry/CuNi1/CuNi1_img_174334.jpg.png,CuNi1
../imgs_results/rgb/train_dry/CuNi1/CuNi1_img_173655.jpg.png,CuNi1
../imgs_results/rgb/train_dry/CuNi1/CuNi1_img_173916.jpg.png,CuNi1
../imgs_results/rgb/train_dry/CuNi1/CuNi1_img_191501.jpg.png,CuNi1
../imgs_results/rgb/train_dry/CuNi1/CuNi1_img_162213.jpg.png,CuNi1
../imgs_results/rgb/train_dry/CuNi1/CuNi1_img_180957.jpg.png,CuNi1
../imgs_results/rgb/train_dry/CuNi1/CuNi1_img_185308.jpg.png,CuNi1
../imgs_results/rgb/train_dry/CuNi1/CuNi1_img_164311.jpg.png,CuNi1
../imgs_results/rgb/train_dry/CuNi1/CuNi1_img_164423.jpg.png,CuNi1
../imgs_results/rgb/train_dry/CuNi1/CuNi1_img_184540.jpg.png,CuNi1
../imgs_results/rgb/train_dry/CuNi1/CuNi1_img_174038.jpg.png,CuNi1
../imgs_results/rgb/train_dry/CuNi1/CuNi1_img_162351.jpg.png,CuNi1
../imgs_results/rgb/train_dry/CuNi1/CuNi1_img_162034.jpg.png,CuNi1
../imgs_results/rgb/train_dry/CuNi1/CuNi1_img_185300.jpg.png,CuNi1
../imgs_results/rgb/train_dry/CuNi1/CuNi1_img_171050.jpg.png,CuNi1
../imgs_results/rgb/train_dry/CuNi1/CuNi1_img_184706.jpg.png,CuNi1
../imgs_results/rgb/train_dry/CuNi1/CuNi1_img_180857.jpg.png,CuNi1
../imgs_results/rgb/train_dry/CuNi1/CuNi1_img_164332.jpg.png,CuNi1
../imgs_results/rgb/train_dry/CuNi1/CuNi1_img_191356.jpg.png,CuNi1
../imgs_results/rgb/train_dry/CuNi1/CuNi1_img_164642.jpg.png,CuNi1
../imgs_results/rgb/train_dry/CuNi1/CuNi1_img_191701.jpg.png,CuNi1
../imgs_results/rgb/train_dry/CuNi1/CuNi1_img_180552.jpg.png,CuNi1
../imgs_results/rgb/train_dry/CuNi1/CuNi1_img_184941.jpg.png,CuNi1
../imgs_results/rgb/train_dry/CuNi1/CuNi1_img_191626.jpg.png,CuNi1
../imgs_results/rgb/train_dry/CuNi1/CuNi1_img_162448.jpg.png,CuNi1
../imgs_results/rgb/train_dry/CuNi1/CuNi1_img_170556.jpg.png,CuNi1
../imgs_results/rgb/train_dry/CuNi1/CuNi1_img_191622.jpg.png,CuNi1
../imgs_results/rgb/train_dry/CuNi3/CuNi3_img_223257.jpg.png,CuNi3
../imgs_results/rgb/train_dry/CuNi3/CuNi3_img_214625.jpg.png,CuNi3
../imgs_results/rgb/train_dry/CuNi3/CuNi3_img_222912.jpg.png,CuNi3
../imgs_results/rgb/train_dry/CuNi3/CuNi3_img_212153.jpg.png,CuNi3
../imgs_results/rgb/train_dry/CuNi3/CuNi3_img_220624.jpg.png,CuNi3
../imgs_results/rgb/train_dry/CuNi3/CuNi3_img_212236.jpg.png,CuNi3
../imgs_results/rgb/train_dry/CuNi3/CuNi3_img_221226.jpg.png,CuNi3
../imgs_results/rgb/train_dry/CuNi3/CuNi3_img_214941.jpg.png,CuNi3
../imgs_results/rgb/train_dry/CuNi3/CuNi3_img_215327.jpg.png,CuNi3
../imgs_results/rgb/train_dry/CuNi3/CuNi3_img_211507.jpg.png,CuNi3
../imgs_results/rgb/train_dry/CuNi3/CuNi3_img_151551.jpg.png,CuNi3
../imgs_results/rgb/train_dry/CuNi3/CuNi3_img_212527.jpg.png,CuNi3
../imgs_results/rgb/train_dry/CuNi3/CuNi3_img_152226.jpg.png,CuNi3
../imgs_results/rgb/train_dry/CuNi3/CuNi3_img_210322.jpg.png,CuNi3
../imgs_results/rgb/train_dry/CuNi3/CuNi3_img_151651.jpg.png,CuNi3
../imgs_results/rgb/train_dry/CuNi3/CuNi3_img_221637.jpg.png,CuNi3
../imgs_results/rgb/train_dry/CuNi3/CuNi3_img_215108.jpg.png,CuNi3
../imgs_results/rgb/train_dry/CuNi3/CuNi3_img_214807.jpg.png,CuNi3
../imgs_results/rgb/train_dry/CuNi3/CuNi3_img_221247.jpg.png,CuNi3
../imgs_results/rgb/train_dry/CuNi3/CuNi3_img_152414.jpg.png,CuNi3
../imgs_results/rgb/train_dry/CuNi3/CuNi3_img_152326.jpg.png,CuNi3
../imgs_results/rgb/train_dry/CuNi3/CuNi3_img_223153.jpg.png,CuNi3
../imgs_results/rgb/train_dry/CuNi3/CuNi3_img_214828.jpg.png,CuNi3
../imgs_results/rgb/train_dry/CuNi3/CuNi3_img_210437.jpg.png,CuNi3
../imgs_results/rgb/train_dry/CuNi3/CuNi3_img_221953.jpg.png,CuNi3
../imgs_results/rgb/train_dry/CuNi3/CuNi3_img_214907.jpg.png,CuNi3
../imgs_results/rgb/train_dry/CuNi3/CuNi3_img_214438.jpg.png,CuNi3
../imgs_results/rgb/train_dry/CuNi3/CuNi3_img_222725.jpg.png,CuNi3
../imgs_results/rgb/train_dry/CuNi3/CuNi3_img_152156.jpg.png,CuNi3
../imgs_results/rgb/train_dry/CuNi3/CuNi3_img_212557.jpg.png,CuNi3
../imgs_results/rgb/train_dry/CuNi3/CuNi3_img_152501.jpg.png,CuNi3
../imgs_results/rgb/train_dry/CuNi3/CuNi3_img_211450.jpg.png,CuNi3
../imgs_results/rgb/train_dry/CuNi3/CuNi3_img_222138.jpg.png,CuNi3
../imgs_results/rgb/train_dry/CuNi3/CuNi3_img_211855.jpg.png,CuNi3
../imgs_results/rgb/train_dry/CuNi3/CuNi3_img_151740.jpg.png,CuNi3
../imgs_results/rgb/train_dry/CuNi3/CuNi3_img_221726.jpg.png,CuNi3
../imgs_results/rgb/train_dry/CuNi3/CuNi3_img_222706.jpg.png,CuNi3
../imgs_results/rgb/train_dry/CuNi3/CuNi3_img_212453.jpg.png,CuNi3
../imgs_results/rgb/train_dry/CuNi3/CuNi3_img_222402.jpg.png,CuNi3
../imgs_results/rgb/train_dry/CuNi3/CuNi3_img_214638.jpg.png,CuNi3
../imgs_results/rgb/train_dry/CuNi3/CuNi3_img_152037.jpg.png,CuNi3
../imgs_results/rgb/train_dry/CuNi3/CuNi3_img_221923.jpg.png,CuNi3
../imgs_results/rgb/train_dry/CuNi3/CuNi3_img_212415.jpg.png,CuNi3
../imgs_results/rgb/train_dry/CuNi3/CuNi3_img_212327.jpg.png,CuNi3
../imgs_results/rgb/train_dry/CuNi3/CuNi3_img_214958.jpg.png,CuNi3
../imgs_results/rgb/train_dry/CuNi3/CuNi3_img_212837.jpg.png,CuNi3
../imgs_results/rgb/train_dry/CuNi3/CuNi3_img_222924.jpg.png,CuNi3
../imgs_results/rgb/train_dry/CuNi3/CuNi3_img_152133.jpg.png,CuNi3
../imgs_results/rgb/train_dry/CuNi3/CuNi3_img_214459.jpg.png,CuNi3
../imgs_results/rgb/train_dry/CuNi3/CuNi3_img_211145.jpg.png,CuNi3
../imgs_results/rgb/train_dry/CuNi3/CuNi3_img_211129.jpg.png,CuNi3
../imgs_results/rgb/train_dry/CuNi3/CuNi3_img_210901.jpg.png,CuNi3
../imgs_results/rgb/train_dry/CuNi3/CuNi3_img_215033.jpg.png,CuNi3
../imgs_results/rgb/train_dry/CuNi3/CuNi3_img_211730.jpg.png,CuNi3
../imgs_results/rgb/train_dry/CuNi3/CuNi3_img_214930.jpg.png,CuNi3
../imgs_results/rgb/train_dry/CuNi3/CuNi3_img_212857.jpg.png,CuNi3
../imgs_results/rgb/train_dry/CuNi3/CuNi3_img_221111.jpg.png,CuNi3
../imgs_results/rgb/train_dry/CuNi3/CuNi3_img_221704.jpg.png,CuNi3
../imgs_results/rgb/train_dry/CuNi3/CuNi3_img_214539.jpg.png,CuNi3
../imgs_results/rgb/train_dry/CuNi3/CuNi3_img_212610.jpg.png,CuNi3
../imgs_results/rgb/train_dry/CuNi3/CuNi3_img_220659.jpg.png,CuNi3
../imgs_results/rgb/train_dry/CuNi3/CuNi3_img_214913.jpg.png,CuNi3
../imgs_results/rgb/train_dry/CuNi3/CuNi3_img_214650.jpg.png,CuNi3
../imgs_results/rgb/train_dry/CuNi3/CuNi3_img_212614.jpg.png,CuNi3
../imgs_results/rgb/train_dry/CuNi3/CuNi3_img_211713.jpg.png,CuNi3
../imgs_results/rgb/train_dry/CuNi3/CuNi3_img_212752.jpg.png,CuNi3
../imgs_results/rgb/train_dry/CuNi3/CuNi3_img_214851.jpg.png,CuNi3
../imgs_results/rgb/train_dry/CuNi3/CuNi3_img_214635.jpg.png,CuNi3
../imgs_results/rgb/train_dry/CuNi3/CuNi3_img_215314.jpg.png,CuNi3
../imgs_results/rgb/train_dry/CuNi3/CuNi3_img_214550.jpg.png,CuNi3
../imgs_results/rgb/train_dry/CuNi3/CuNi3_img_212433.jpg.png,CuNi3
../imgs_results/rgb/train_dry/CuNi3/CuNi3_img_210943.jpg.png,CuNi3
../imgs_results/rgb/train_dry/CuNi3/CuNi3_img_222407.jpg.png,CuNi3
../imgs_results/rgb/train_dry/CuNi3/CuNi3_img_152011.jpg.png,CuNi3
../imgs_results/rgb/train_dry/CuNi3/CuNi3_img_151707.jpg.png,CuNi3
../imgs_results/rgb/train_dry/CuNi3/CuNi3_img_222154.jpg.png,CuNi3
../imgs_results/rgb/train_dry/CuNi3/CuNi3_img_151844.jpg.png,CuNi3
../imgs_results/rgb/train_dry/CuNi3/CuNi3_img_215333.jpg.png,CuNi3
../imgs_results/rgb/train_dry/CuNi3/CuNi3_img_212533.jpg.png,CuNi3
../imgs_results/rgb/train_dry/CuNi3/CuNi3_img_211213.jpg.png,CuNi3
../imgs_results/rgb/train_dry/CuNi3/CuNi3_img_210952.jpg.png,CuNi3
../imgs_results/rgb/train_dry/CuNi3/CuNi3_img_152346.jpg.png,CuNi3
../imgs_results/rgb/train_dry/CuNi3/CuNi3_img_223133.jpg.png,CuNi3
../imgs_results/rgb/train_dry/CuNi3/CuNi3_img_212310.jpg.png,CuNi3
../imgs_results/rgb/train_dry/CuNi3/CuNi3_img_211217.jpg.png,CuNi3
../imgs_results/rgb/train_dry/CuNi3/CuNi3_img_212422.jpg.png,CuNi3
../imgs_results/rgb/train_dry/CuNi3/CuNi3_img_151955.jpg.png,CuNi3
../imgs_results/rgb/train_dry/CuNi3/CuNi3_img_222328.jpg.png,CuNi3
../imgs_results/rgb/train_dry/CuNi3/CuNi3_img_212908.jpg.png,CuNi3
../imgs_results/rgb/train_dry/CuNi3/CuNi3_img_212214.jpg.png,CuNi3
../imgs_results/rgb/train_dry/CuNi3/CuNi3_img_211230.jpg.png,CuNi3
../imgs_results/rgb/train_dry/CuNi3/CuNi3_img_212904.jpg.png,CuNi3
../imgs_results/rgb/train_dry/CuNi3/CuNi3_img_223118.jpg.png,CuNi3
../imgs_results/rgb/train_dry/CuNi3/CuNi3_img_211429.jpg.png,CuNi3
../imgs_results/rgb/train_dry/CuNi3/CuNi3_img_212110.jpg.png,CuNi3
../imgs_results/rgb/train_dry/CuNi3/CuNi3_img_212622.jpg.png,CuNi3
../imgs_results/rgb/train_dry/CuNi3/CuNi3_img_211134.jpg.png,CuNi3
../imgs_results/rgb/train_dry/CuNi3/CuNi3_img_215343.jpg.png,CuNi3
../imgs_results/rgb/train_dry/CuNi3/CuNi3_img_212033.jpg.png,CuNi3
../imgs_results/rgb/train_dry/CuNi3/CuNi3_img_215101.jpg.png,CuNi3
../imgs_results/rgb/train_dry/CuNi3/CuNi3_img_210653.jpg.png,CuNi3
../imgs_results/rgb/train_dry/CuNi3/CuNi3_img_215247.jpg.png,CuNi3
../imgs_results/rgb/train_dry/CuNi3/CuNi3_img_221611.jpg.png,CuNi3
../imgs_results/rgb/train_dry/CuNi3/CuNi3_img_212014.jpg.png,CuNi3
../imgs_results/rgb/train_dry/CuNi3/CuNi3_img_212133.jpg.png,CuNi3
../imgs_results/rgb/train_dry/CuNi3/CuNi3_img_222631.jpg.png,CuNi3
../imgs_results/rgb/train_dry/CuNi3/CuNi3_img_210308.jpg.png,CuNi3
../imgs_results/rgb/train_dry/CuNi3/CuNi3_img_212609.jpg.png,CuNi3
../imgs_results/rgb/train_dry/CuNi3/CuNi3_img_210937.jpg.png,CuNi3
../imgs_results/rgb/train_dry/CuNi3/CuNi3_img_212241.jpg.png,CuNi3
../imgs_results/rgb/train_dry/CuNi3/CuNi3_img_222118.jpg.png,CuNi3
../imgs_results/rgb/train_dry/CuNi3/CuNi3_img_212128.jpg.png,CuNi3
../imgs_results/rgb/train_dry/CuNi3/CuNi3_img_214656.jpg.png,CuNi3
../imgs_results/rgb/train_dry/CuNi3/CuNi3_img_223224.jpg.png,CuNi3
../imgs_results/rgb/train_dry/CuNi3/CuNi3_img_222846.jpg.png,CuNi3
../imgs_results/rgb/train_dry/CuNi3/CuNi3_img_210640.jpg.png,CuNi3
../imgs_results/rgb/train_dry/CuNi3/CuNi3_img_212554.jpg.png,CuNi3
../imgs_results/rgb/train_dry/CuNi3/CuNi3_img_212639.jpg.png,CuNi3
../imgs_results/rgb/train_dry/CuNi3/CuNi3_img_214819.jpg.png,CuNi3
../imgs_results/rgb/train_dry/CuNi3/CuNi3_img_210644.jpg.png,CuNi3
../imgs_results/rgb/train_dry/CuNi3/CuNi3_img_214815.jpg.png,CuNi3
../imgs_results/rgb/train_dry/CuNi3/CuNi3_img_222014.jpg.png,CuNi3
../imgs_results/rgb/train_dry/CuNi3/CuNi3_img_211736.jpg.png,CuNi3
../imgs_results/rgb/train_dry/CuNi3/CuNi3_img_215407.jpg.png,CuNi3
../imgs_results/rgb/train_dry/CuNi3/CuNi3_img_151622.jpg.png,CuNi3
../imgs_results/rgb/train_dry/CuNi3/CuNi3_img_211511.jpg.png,CuNi3
../imgs_results/rgb/train_dry/CuNi3/CuNi3_img_211223.jpg.png,CuNi3
../imgs_results/rgb/train_dry/CuNi3/CuNi3_img_222823.jpg.png,CuNi3
../imgs_results/rgb/train_dry/CuNi3/CuNi3_img_211208.jpg.png,CuNi3
../imgs_results/rgb/train_dry/CuNi3/CuNi3_img_212934.jpg.png,CuNi3
../imgs_results/rgb/train_dry/CuNi3/CuNi3_img_152117.jpg.png,CuNi3
../imgs_results/rgb/train_dry/CuNi3/CuNi3_img_221151.jpg.png,CuNi3
../imgs_results/rgb/train_dry/CuNi3/CuNi3_img_211910.jpg.png,CuNi3
../imgs_results/rgb/train_dry/CuNi3/CuNi3_img_210725.jpg.png,CuNi3
../imgs_results/rgb/train_dry/CuNi3/CuNi3_img_221506.jpg.png,CuNi3
../imgs_results/rgb/train_dry/CuNi3/CuNi3_img_221313.jpg.png,CuNi3
../imgs_results/rgb/train_dry/CuNi3/CuNi3_img_222510.jpg.png,CuNi3
../imgs_results/rgb/train_dry/CuNi3/CuNi3_img_212339.jpg.png,CuNi3
../imgs_results/rgb/train_dry/CuNi3/CuNi3_img_215049.jpg.png,CuNi3
../imgs_results/rgb/train_dry/CuNi3/CuNi3_img_151637.jpg.png,CuNi3
../imgs_results/rgb/train_dry/CuNi3/CuNi3_img_211826.jpg.png,CuNi3
../imgs_results/rgb/train_dry/CuNi3/CuNi3_img_211646.jpg.png,CuNi3
../imgs_results/rgb/train_dry/CuNi3/CuNi3_img_151932.jpg.png,CuNi3
../imgs_results/rgb/train_dry/CuNi3/CuNi3_img_221125.jpg.png,CuNi3
../imgs_results/rgb/train_dry/CuNi3/CuNi3_img_214643.jpg.png,CuNi3
../imgs_results/rgb/train_dry/CuNi3/CuNi3_img_214823.jpg.png,CuNi3
../imgs_results/rgb/train_dry/CuNi3/CuNi3_img_152202.jpg.png,CuNi3
../imgs_results/rgb/train_dry/CuNi3/CuNi3_img_212139.jpg.png,CuNi3
../imgs_results/rgb/train_dry/CuNi3/CuNi3_img_212445.jpg.png,CuNi3
../imgs_results/rgb/train_dry/CuNi3/CuNi3_img_220822.jpg.png,CuNi3
../imgs_results/rgb/train_dry/CuNi3/CuNi3_img_210417.jpg.png,CuNi3
../imgs_results/rgb/train_dry/CuNi3/CuNi3_img_210325.jpg.png,CuNi3
../imgs_results/rgb/train_dry/CuNi3/CuNi3_img_210916.jpg.png,CuNi3
../imgs_results/rgb/train_dry/CuNi3/CuNi3_img_212848.jpg.png,CuNi3
../imgs_results/rgb/train_dry/CuNi3/CuNi3_img_222452.jpg.png,CuNi3
../imgs_results/rgb/train_dry/CuNi3/CuNi3_img_211442.jpg.png,CuNi3
../imgs_results/rgb/train_dry/CuNi3/CuNi3_img_211927.jpg.png,CuNi3
../imgs_results/rgb/train_dry/CuNi3/CuNi3_img_222937.jpg.png,CuNi3
../imgs_results/rgb/train_dry/CuNi3/CuNi3_img_212055.jpg.png,CuNi3
../imgs_results/rgb/train_dry/CuNi3/CuNi3_img_223113.jpg.png,CuNi3
../imgs_results/rgb/train_dry/CuNi3/CuNi3_img_215040.jpg.png,CuNi3
../imgs_results/rgb/train_dry/CuNi3/CuNi3_img_152245.jpg.png,CuNi3
../imgs_results/rgb/train_dry/CuNi3/CuNi3_img_210635.jpg.png,CuNi3
../imgs_results/rgb/train_dry/CuNi3/CuNi3_img_210739.jpg.png,CuNi3
../imgs_results/rgb/train_dry/CuNi3/CuNi3_img_222657.jpg.png,CuNi3
../imgs_results/rgb/train_dry/CuNi3/CuNi3_img_222415.jpg.png,CuNi3
../imgs_results/rgb/train_dry/CuNi3/CuNi3_img_212748.jpg.png,CuNi3
../imgs_results/rgb/train_dry/CuNi3/CuNi3_img_223017.jpg.png,CuNi3
../imgs_results/rgb/train_dry/CuNi3/CuNi3_img_212313.jpg.png,CuNi3
../imgs_results/rgb/train_dry/CuNi3/CuNi3_img_221450.jpg.png,CuNi3
../imgs_results/rgb/train_dry/CuNi3/CuNi3_img_212440.jpg.png,CuNi3
../imgs_results/rgb/train_dry/CuNi3/CuNi3_img_212259.jpg.png,CuNi3
../imgs_results/rgb/train_dry/CuNi3/CuNi3_img_222711.jpg.png,CuNi3
../imgs_results/rgb/train_dry/CuNi3/CuNi3_img_222100.jpg.png,CuNi3
../imgs_results/rgb/train_dry/CuNi3/CuNi3_img_212540.jpg.png,CuNi3
../imgs_results/rgb/train_dry/CuNi3/CuNi3_img_220743.jpg.png,CuNi3
../imgs_results/rgb/train_dry/CuNi3/CuNi3_img_214504.jpg.png,CuNi3
../imgs_results/rgb/train_dry/CuNi3/CuNi3_img_220804.jpg.png,CuNi3
../imgs_results/rgb/train_dry/CuNi3/CuNi3_img_212629.jpg.png,CuNi3
../imgs_results/rgb/train_dry/CuNi3/CuNi3_img_212841.jpg.png,CuNi3
../imgs_results/rgb/train_dry/CuNi3/CuNi3_img_214922.jpg.png,CuNi3
../imgs_results/rgb/train_dry/CuNi3/CuNi3_img_223213.jpg.png,CuNi3
../imgs_results/rgb/train_dry/CuNi3/CuNi3_img_211722.jpg.png,CuNi3
../imgs_results/rgb/train_dry/CuNi3/CuNi3_img_212248.jpg.png,CuNi3
../imgs_results/rgb/train_dry/CuNi3/CuNi3_img_152058.jpg.png,CuNi3
../imgs_results/rgb/train_dry/CuNi3/CuNi3_img_211109.jpg.png,CuNi3
../imgs_results/rgb/train_dry/CuNi3/CuNi3_img_212106.jpg.png,CuNi3
../imgs_results/rgb/train_dry/CuNi3/CuNi3_img_151826.jpg.png,CuNi3
../imgs_results/rgb/train_dry/CuNi3/CuNi3_img_211953.jpg.png,CuNi3
../imgs_results/rgb/train_dry/CuNi3/CuNi3_img_222600.jpg.png,CuNi3
../imgs_results/rgb/train_dry/CuNi3/CuNi3_img_215030.jpg.png,CuNi3
../imgs_results/rgb/train_dry/CuNi3/CuNi3_img_214515.jpg.png,CuNi3
../imgs_results/rgb/train_dry/CuNi3/CuNi3_img_211456.jpg.png,CuNi3
../imgs_results/rgb/train_dry/CuNi3/CuNi3_img_221212.jpg.png,CuNi3
../imgs_results/rgb/train_dry/CuNi3/CuNi3_img_214453.jpg.png,CuNi3
../imgs_results/rgb/train_dry/CuNi3/CuNi3_img_212321.jpg.png,CuNi3
../imgs_results/rgb/train_dry/CuNi3/CuNi3_img_210628.jpg.png,CuNi3
../imgs_results/rgb/train_dry/CuNi3/CuNi3_img_211518.jpg.png,CuNi3
../imgs_results/rgb/train_dry/CuNi3/CuNi3_img_212302.jpg.png,CuNi3
../imgs_results/rgb/train_dry/CuNi3/CuNi3_img_223002.jpg.png,CuNi3
../imgs_results/rgb/train_dry/CuNi3/CuNi3_img_211656.jpg.png,CuNi3
../imgs_results/rgb/train_dry/CuNi3/CuNi3_img_212812.jpg.png,CuNi3
../imgs_results/rgb/train_dry/CuNi3/CuNi3_img_214632.jpg.png,CuNi3
../imgs_results/rgb/train_dry/CuNi3/CuNi3_img_220718.jpg.png,CuNi3
../imgs_results/rgb/train_dry/CuNi3/CuNi3_img_212144.jpg.png,CuNi3
../imgs_results/rgb/train_dry/CuNi3/CuNi3_img_210254.jpg.png,CuNi3
